img_id,error
MNPOGGEC.jpg,UnidentifiedImageError: cannot identify image file 'data\\raw\\images\\MNPOGGEC.jpg'
8DVK4H6B.jpg,UnidentifiedImageError: cannot identify image file 'data\\raw\\images\\8DVK4H6B.jpg'
AXAREVRE.jpg,UnidentifiedImageError: cannot identify image file 'data\\raw\\images\\AXAREVRE.jpg'
KZOBVMZR.jpg,UnidentifiedImageError: cannot identify image file 'data\\raw\\images\\KZOBVMZR.jpg'
VHUYMHA4.jpg,UnidentifiedImageError: cannot identify image file 'data\\raw\\images\\VHUYMHA4.jpg'
P31DPJ47.jpg,UnidentifiedImageError: cannot identify image file 'data\\raw\\images\\P31DPJ47.jpg'
ZR8MX34W.jpg,UnidentifiedImageError: cannot identify image file 'data\\raw\\images\\ZR8MX34W.jpg'
YSR96L98.jpg,UnidentifiedImageError: cannot identify image file 'data\\raw\\images\\YSR96L98.jpg'
JMDYC5QC.jpg,UnidentifiedImageError: cannot identify image file 'data\\raw\\images\\JMDYC5QC.jpg'
DLP5CIB7.jpg,UnidentifiedImageError: cannot identify image file 'data\\raw\\images\\DLP5CIB7.jpg'
B30YU4P6.jpg,UnidentifiedImageError: cannot identify image file 'data\\raw\\images\\B30YU4P6.jpg'
U54Y35CA.jpg,UnidentifiedImageError: cannot identify image file 'data\\raw\\images\\U54Y35CA.jpg'
0RTJH97X.jpg,UnidentifiedImageError: cannot identify image file 'data\\raw\\images\\0RTJH97X.jpg'
0RSY2C66.jpg,UnidentifiedImageError: cannot identify image file 'data\\raw\\images\\0RSY2C66.jpg'
TNWLNV78.jpg,UnidentifiedImageError: cannot identify image file 'data\\raw\\images\\TNWLNV78.jpg'
KJK9NAUA.jpg,UnidentifiedImageError: cannot identify image file 'data\\raw\\images\\KJK9NAUA.jpg'
TMF7KP99.jpg,UnidentifiedImageError: cannot identify image file 'data\\raw\\images\\TMF7KP99.jpg'
SEBS6885.jpg,UnidentifiedImageError: cannot identify image file 'data\\raw\\images\\SEBS6885.jpg'
0QHNRJAF.jpg,UnidentifiedImageError: cannot identify image file 'data\\raw\\images\\0QHNRJAF.jpg'
3SL7FKHI.jpg,UnidentifiedImageError: cannot identify image file 'data\\raw\\images\\3SL7FKHI.jpg'
AG2QJERE.jpg,UnidentifiedImageError: cannot identify image file 'data\\raw\\images\\AG2QJERE.jpg'
6Z9O9IM2.jpg,UnidentifiedImageError: cannot identify image file 'data\\raw\\images\\6Z9O9IM2.jpg'
9ZB593QC.jpg,UnidentifiedImageError: cannot identify image file 'data\\raw\\images\\9ZB593QC.jpg'
45HIM2F3.jpg,UnidentifiedImageError: cannot identify image file 'data\\raw\\images\\45HIM2F3.jpg'
NAZ0UJPL.jpg,UnidentifiedImageError: cannot identify image file 'data\\raw\\images\\NAZ0UJPL.jpg'
IV5WN5MJ.jpg,UnidentifiedImageError: cannot identify image file 'data\\raw\\images\\IV5WN5MJ.jpg'
BE7F3GY2.jpg,UnidentifiedImageError: cannot identify image file 'data\\raw\\images\\BE7F3GY2.jpg'
LWKQIL4T.jpg,UnidentifiedImageError: cannot identify image file 'data\\raw\\images\\LWKQIL4T.jpg'
1E2RHOPK.jpg,UnidentifiedImageError: cannot identify image file 'data\\raw\\images\\1E2RHOPK.jpg'
L80PAL4D.jpg,UnidentifiedImageError: cannot identify image file 'data\\raw\\images\\L80PAL4D.jpg'
R01KFADL.jpg,UnidentifiedImageError: cannot identify image file 'data\\raw\\images\\R01KFADL.jpg'
4OYKCCF2.jpg,UnidentifiedImageError: cannot identify image file 'data\\raw\\images\\4OYKCCF2.jpg'
S5NTDF0I.jpg,UnidentifiedImageError: cannot identify image file 'data\\raw\\images\\S5NTDF0I.jpg'
VANYA3MB.jpg,UnidentifiedImageError: cannot identify image file 'data\\raw\\images\\VANYA3MB.jpg'
4NPP2Q9V.jpg,UnidentifiedImageError: cannot identify image file 'data\\raw\\images\\4NPP2Q9V.jpg'
QIK53JA6.jpg,UnidentifiedImageError: cannot identify image file 'data\\raw\\images\\QIK53JA6.jpg'
CWLIJVFQ.jpg,UnidentifiedImageError: cannot identify image file 'data\\raw\\images\\CWLIJVFQ.jpg'
CNY7847N.jpg,UnidentifiedImageError: cannot identify image file 'data\\raw\\images\\CNY7847N.jpg'
236CIK56.jpg,UnidentifiedImageError: cannot identify image file 'data\\raw\\images\\236CIK56.jpg'
J89PP6PU.jpg,UnidentifiedImageError: cannot identify image file 'data\\raw\\images\\J89PP6PU.jpg'
PUA7F02C.jpg,UnidentifiedImageError: cannot identify image file 'data\\raw\\images\\PUA7F02C.jpg'
04C3YB4F.jpg,UnidentifiedImageError: cannot identify image file 'data\\raw\\images\\04C3YB4F.jpg'
CA0JKBQ6.jpg,UnidentifiedImageError: cannot identify image file 'data\\raw\\images\\CA0JKBQ6.jpg'
8XU1YFVY.jpg,UnidentifiedImageError: cannot identify image file 'data\\raw\\images\\8XU1YFVY.jpg'
9YA824JY.jpg,UnidentifiedImageError: cannot identify image file 'data\\raw\\images\\9YA824JY.jpg'
SFR5KPRC.jpg,UnidentifiedImageError: cannot identify image file 'data\\raw\\images\\SFR5KPRC.jpg'
PVG0DMNT.jpg,UnidentifiedImageError: cannot identify image file 'data\\raw\\images\\PVG0DMNT.jpg'
BOV7SQU3.jpg,UnidentifiedImageError: cannot identify image file 'data\\raw\\images\\BOV7SQU3.jpg'
2TFUX3OG.jpg,UnidentifiedImageError: cannot identify image file 'data\\raw\\images\\2TFUX3OG.jpg'
CAXC88O8.jpg,UnidentifiedImageError: cannot identify image file 'data\\raw\\images\\CAXC88O8.jpg'
V6L6C0PY.jpg,UnidentifiedImageError: cannot identify image file 'data\\raw\\images\\V6L6C0PY.jpg'
GT0E5FMZ.jpg,UnidentifiedImageError: cannot identify image file 'data\\raw\\images\\GT0E5FMZ.jpg'
PAHAS3QM.jpg,UnidentifiedImageError: cannot identify image file 'data\\raw\\images\\PAHAS3QM.jpg'
B43LPH5I.jpg,UnidentifiedImageError: cannot identify image file 'data\\raw\\images\\B43LPH5I.jpg'
8DGWRX7N.jpg,UnidentifiedImageError: cannot identify image file 'data\\raw\\images\\8DGWRX7N.jpg'
5645Z1LX.jpg,UnidentifiedImageError: cannot identify image file 'data\\raw\\images\\5645Z1LX.jpg'
8S45LZ8L.jpg,UnidentifiedImageError: cannot identify image file 'data\\raw\\images\\8S45LZ8L.jpg'
R3AAI9QQ.jpg,UnidentifiedImageError: cannot identify image file 'data\\raw\\images\\R3AAI9QQ.jpg'
TBK7A5T5.jpg,UnidentifiedImageError: cannot identify image file 'data\\raw\\images\\TBK7A5T5.jpg'
KUBVS23R.jpg,UnidentifiedImageError: cannot identify image file 'data\\raw\\images\\KUBVS23R.jpg'
5LS2BFCZ.jpg,UnidentifiedImageError: cannot identify image file 'data\\raw\\images\\5LS2BFCZ.jpg'
K1IYZX4R.jpg,UnidentifiedImageError: cannot identify image file 'data\\raw\\images\\K1IYZX4R.jpg'
XC71HIQE.jpg,UnidentifiedImageError: cannot identify image file 'data\\raw\\images\\XC71HIQE.jpg'
D6O5AOUM.jpg,UnidentifiedImageError: cannot identify image file 'data\\raw\\images\\D6O5AOUM.jpg'
3TWRQPY0.jpg,UnidentifiedImageError: cannot identify image file 'data\\raw\\images\\3TWRQPY0.jpg'
0588O6SC.jpg,UnidentifiedImageError: cannot identify image file 'data\\raw\\images\\0588O6SC.jpg'
BL83R1MG.jpg,UnidentifiedImageError: cannot identify image file 'data\\raw\\images\\BL83R1MG.jpg'
S1J7K3XI.jpg,UnidentifiedImageError: cannot identify image file 'data\\raw\\images\\S1J7K3XI.jpg'
73W0GWLZ.jpg,UnidentifiedImageError: cannot identify image file 'data\\raw\\images\\73W0GWLZ.jpg'
K6PA705N.jpg,UnidentifiedImageError: cannot identify image file 'data\\raw\\images\\K6PA705N.jpg'
0YHGSVK2.jpg,UnidentifiedImageError: cannot identify image file 'data\\raw\\images\\0YHGSVK2.jpg'
H15Z7D2W.jpg,UnidentifiedImageError: cannot identify image file 'data\\raw\\images\\H15Z7D2W.jpg'
TDW3HUWB.jpg,UnidentifiedImageError: cannot identify image file 'data\\raw\\images\\TDW3HUWB.jpg'
MH3G5TAG.jpg,UnidentifiedImageError: cannot identify image file 'data\\raw\\images\\MH3G5TAG.jpg'
B3XAWB6Y.jpg,UnidentifiedImageError: cannot identify image file 'data\\raw\\images\\B3XAWB6Y.jpg'
14QF9NJ9.jpg,UnidentifiedImageError: cannot identify image file 'data\\raw\\images\\14QF9NJ9.jpg'
9BGIXWQ8.jpg,UnidentifiedImageError: cannot identify image file 'data\\raw\\images\\9BGIXWQ8.jpg'
156D86U7.jpg,UnidentifiedImageError: cannot identify image file 'data\\raw\\images\\156D86U7.jpg'
43TU4ULU.jpg,UnidentifiedImageError: cannot identify image file 'data\\raw\\images\\43TU4ULU.jpg'
OLYG9YZH.jpg,UnidentifiedImageError: cannot identify image file 'data\\raw\\images\\OLYG9YZH.jpg'
QDMXLC3N.jpg,UnidentifiedImageError: cannot identify image file 'data\\raw\\images\\QDMXLC3N.jpg'
0Q38LZIU.jpg,UnidentifiedImageError: cannot identify image file 'data\\raw\\images\\0Q38LZIU.jpg'
M0TAQ8AT.jpg,UnidentifiedImageError: cannot identify image file 'data\\raw\\images\\M0TAQ8AT.jpg'
MLKDORMH.jpg,UnidentifiedImageError: cannot identify image file 'data\\raw\\images\\MLKDORMH.jpg'
MU413C7F.jpg,UnidentifiedImageError: cannot identify image file 'data\\raw\\images\\MU413C7F.jpg'
6C8GTQLD.jpg,UnidentifiedImageError: cannot identify image file 'data\\raw\\images\\6C8GTQLD.jpg'
Y5ZMNF81.jpg,UnidentifiedImageError: cannot identify image file 'data\\raw\\images\\Y5ZMNF81.jpg'
543O8I3R.jpg,UnidentifiedImageError: cannot identify image file 'data\\raw\\images\\543O8I3R.jpg'
YRHVU37K.jpg,UnidentifiedImageError: cannot identify image file 'data\\raw\\images\\YRHVU37K.jpg'
BA3KKGJ6.jpg,UnidentifiedImageError: cannot identify image file 'data\\raw\\images\\BA3KKGJ6.jpg'
DTBCN0JM.jpg,UnidentifiedImageError: cannot identify image file 'data\\raw\\images\\DTBCN0JM.jpg'
8QX9E5IH.jpg,UnidentifiedImageError: cannot identify image file 'data\\raw\\images\\8QX9E5IH.jpg'
EWC8J4TJ.jpg,UnidentifiedImageError: cannot identify image file 'data\\raw\\images\\EWC8J4TJ.jpg'
GR484ZUR.jpg,UnidentifiedImageError: cannot identify image file 'data\\raw\\images\\GR484ZUR.jpg'
XDD5IQP7.jpg,UnidentifiedImageError: cannot identify image file 'data\\raw\\images\\XDD5IQP7.jpg'
Z5CJCTD2.jpg,UnidentifiedImageError: cannot identify image file 'data\\raw\\images\\Z5CJCTD2.jpg'
J269J24X.jpg,UnidentifiedImageError: cannot identify image file 'data\\raw\\images\\J269J24X.jpg'
30PJJKI7.jpg,UnidentifiedImageError: cannot identify image file 'data\\raw\\images\\30PJJKI7.jpg'
0IMUFPHM.jpg,UnidentifiedImageError: cannot identify image file 'data\\raw\\images\\0IMUFPHM.jpg'
VLA62OFD.jpg,UnidentifiedImageError: cannot identify image file 'data\\raw\\images\\VLA62OFD.jpg'
HKVN1PK8.jpg,UnidentifiedImageError: cannot identify image file 'data\\raw\\images\\HKVN1PK8.jpg'
91EEW28Z.jpg,UnidentifiedImageError: cannot identify image file 'data\\raw\\images\\91EEW28Z.jpg'
YSJK3FW5.jpg,UnidentifiedImageError: cannot identify image file 'data\\raw\\images\\YSJK3FW5.jpg'
X5C40HKX.jpg,UnidentifiedImageError: cannot identify image file 'data\\raw\\images\\X5C40HKX.jpg'
3FO4S1YF.jpg,UnidentifiedImageError: cannot identify image file 'data\\raw\\images\\3FO4S1YF.jpg'
TJD6U0YJ.jpg,UnidentifiedImageError: cannot identify image file 'data\\raw\\images\\TJD6U0YJ.jpg'
8F9OBRP8.jpg,UnidentifiedImageError: cannot identify image file 'data\\raw\\images\\8F9OBRP8.jpg'
YPPUY0NA.jpg,UnidentifiedImageError: cannot identify image file 'data\\raw\\images\\YPPUY0NA.jpg'
7AIAPWHD.jpg,UnidentifiedImageError: cannot identify image file 'data\\raw\\images\\7AIAPWHD.jpg'
QJF2FYJ1.jpg,UnidentifiedImageError: cannot identify image file 'data\\raw\\images\\QJF2FYJ1.jpg'
2N7RRWRA.jpg,UnidentifiedImageError: cannot identify image file 'data\\raw\\images\\2N7RRWRA.jpg'
WQ0R6FCR.jpg,UnidentifiedImageError: cannot identify image file 'data\\raw\\images\\WQ0R6FCR.jpg'
3L6S0E0W.jpg,UnidentifiedImageError: cannot identify image file 'data\\raw\\images\\3L6S0E0W.jpg'
2D9IHGXW.jpg,UnidentifiedImageError: cannot identify image file 'data\\raw\\images\\2D9IHGXW.jpg'
EWF2UE6I.jpg,UnidentifiedImageError: cannot identify image file 'data\\raw\\images\\EWF2UE6I.jpg'
UYLDWU43.jpg,UnidentifiedImageError: cannot identify image file 'data\\raw\\images\\UYLDWU43.jpg'
FLF1KPDC.jpg,UnidentifiedImageError: cannot identify image file 'data\\raw\\images\\FLF1KPDC.jpg'
7MADDRX0.jpg,UnidentifiedImageError: cannot identify image file 'data\\raw\\images\\7MADDRX0.jpg'
4EEG5CW6.jpg,UnidentifiedImageError: cannot identify image file 'data\\raw\\images\\4EEG5CW6.jpg'
WW99VDQ4.jpg,UnidentifiedImageError: cannot identify image file 'data\\raw\\images\\WW99VDQ4.jpg'
L2DLTZN4.jpg,UnidentifiedImageError: cannot identify image file 'data\\raw\\images\\L2DLTZN4.jpg'
KST3VTVY.jpg,UnidentifiedImageError: cannot identify image file 'data\\raw\\images\\KST3VTVY.jpg'
V0XLTPFL.jpg,UnidentifiedImageError: cannot identify image file 'data\\raw\\images\\V0XLTPFL.jpg'
YA80YM0X.jpg,UnidentifiedImageError: cannot identify image file 'data\\raw\\images\\YA80YM0X.jpg'
9P7P5ETR.jpg,UnidentifiedImageError: cannot identify image file 'data\\raw\\images\\9P7P5ETR.jpg'
J8267MPD.jpg,UnidentifiedImageError: cannot identify image file 'data\\raw\\images\\J8267MPD.jpg'
P738FFFC.jpg,UnidentifiedImageError: cannot identify image file 'data\\raw\\images\\P738FFFC.jpg'
32UQEHXD.jpg,UnidentifiedImageError: cannot identify image file 'data\\raw\\images\\32UQEHXD.jpg'
XPHO27FM.jpg,UnidentifiedImageError: cannot identify image file 'data\\raw\\images\\XPHO27FM.jpg'
FVH283WD.jpg,UnidentifiedImageError: cannot identify image file 'data\\raw\\images\\FVH283WD.jpg'
5S64GSLZ.jpg,UnidentifiedImageError: cannot identify image file 'data\\raw\\images\\5S64GSLZ.jpg'
D3I664R4.jpg,UnidentifiedImageError: cannot identify image file 'data\\raw\\images\\D3I664R4.jpg'
FXCKMUTT.jpg,UnidentifiedImageError: cannot identify image file 'data\\raw\\images\\FXCKMUTT.jpg'
Y5Z9ILKE.jpg,UnidentifiedImageError: cannot identify image file 'data\\raw\\images\\Y5Z9ILKE.jpg'
7PQFO90R.jpg,UnidentifiedImageError: cannot identify image file 'data\\raw\\images\\7PQFO90R.jpg'
RTTFSJ4N.jpg,UnidentifiedImageError: cannot identify image file 'data\\raw\\images\\RTTFSJ4N.jpg'
LA9W5LXI.jpg,UnidentifiedImageError: cannot identify image file 'data\\raw\\images\\LA9W5LXI.jpg'
6WF1IIVP.jpg,UnidentifiedImageError: cannot identify image file 'data\\raw\\images\\6WF1IIVP.jpg'
PW3S3ISP.jpg,UnidentifiedImageError: cannot identify image file 'data\\raw\\images\\PW3S3ISP.jpg'
AXU9T8TH.jpg,UnidentifiedImageError: cannot identify image file 'data\\raw\\images\\AXU9T8TH.jpg'
HHQA7UFB.jpg,UnidentifiedImageError: cannot identify image file 'data\\raw\\images\\HHQA7UFB.jpg'
52NMZH2H.jpg,UnidentifiedImageError: cannot identify image file 'data\\raw\\images\\52NMZH2H.jpg'
TBE35XAB.jpg,UnidentifiedImageError: cannot identify image file 'data\\raw\\images\\TBE35XAB.jpg'
8Q0ZRPUJ.jpg,UnidentifiedImageError: cannot identify image file 'data\\raw\\images\\8Q0ZRPUJ.jpg'
XTZ4E4H8.jpg,UnidentifiedImageError: cannot identify image file 'data\\raw\\images\\XTZ4E4H8.jpg'
Y5O35M81.jpg,UnidentifiedImageError: cannot identify image file 'data\\raw\\images\\Y5O35M81.jpg'
IFSNJXS2.jpg,UnidentifiedImageError: cannot identify image file 'data\\raw\\images\\IFSNJXS2.jpg'
YHJ396B0.jpg,UnidentifiedImageError: cannot identify image file 'data\\raw\\images\\YHJ396B0.jpg'
ZGY33HYC.jpg,UnidentifiedImageError: cannot identify image file 'data\\raw\\images\\ZGY33HYC.jpg'
Q82RCXPR.jpg,UnidentifiedImageError: cannot identify image file 'data\\raw\\images\\Q82RCXPR.jpg'
TX96VXOW.jpg,UnidentifiedImageError: cannot identify image file 'data\\raw\\images\\TX96VXOW.jpg'
WD9JU01J.jpg,UnidentifiedImageError: cannot identify image file 'data\\raw\\images\\WD9JU01J.jpg'
MZJN4D5N.jpg,UnidentifiedImageError: cannot identify image file 'data\\raw\\images\\MZJN4D5N.jpg'
T18K6H8U.jpg,UnidentifiedImageError: cannot identify image file 'data\\raw\\images\\T18K6H8U.jpg'
5HC13K14.jpg,UnidentifiedImageError: cannot identify image file 'data\\raw\\images\\5HC13K14.jpg'
6W4XCC4J.jpg,UnidentifiedImageError: cannot identify image file 'data\\raw\\images\\6W4XCC4J.jpg'
A6N7UD1E.jpg,UnidentifiedImageError: cannot identify image file 'data\\raw\\images\\A6N7UD1E.jpg'
1SUKDS49.jpg,UnidentifiedImageError: cannot identify image file 'data\\raw\\images\\1SUKDS49.jpg'
EWM8MANA.jpg,UnidentifiedImageError: cannot identify image file 'data\\raw\\images\\EWM8MANA.jpg'
QTCJPFU7.jpg,UnidentifiedImageError: cannot identify image file 'data\\raw\\images\\QTCJPFU7.jpg'
7DCU5X6Y.jpg,UnidentifiedImageError: cannot identify image file 'data\\raw\\images\\7DCU5X6Y.jpg'
ELO78CB3.jpg,UnidentifiedImageError: cannot identify image file 'data\\raw\\images\\ELO78CB3.jpg'
LWHDZB1V.jpg,UnidentifiedImageError: cannot identify image file 'data\\raw\\images\\LWHDZB1V.jpg'
HG5DI4F6.jpg,UnidentifiedImageError: cannot identify image file 'data\\raw\\images\\HG5DI4F6.jpg'
3TVLFC1Q.jpg,UnidentifiedImageError: cannot identify image file 'data\\raw\\images\\3TVLFC1Q.jpg'
9SJN7FWT.jpg,UnidentifiedImageError: cannot identify image file 'data\\raw\\images\\9SJN7FWT.jpg'
H7ZTFIR4.jpg,UnidentifiedImageError: cannot identify image file 'data\\raw\\images\\H7ZTFIR4.jpg'
CBPTYBHH.jpg,UnidentifiedImageError: cannot identify image file 'data\\raw\\images\\CBPTYBHH.jpg'
2R04Z9DT.jpg,UnidentifiedImageError: cannot identify image file 'data\\raw\\images\\2R04Z9DT.jpg'
0L0318QR.jpg,UnidentifiedImageError: cannot identify image file 'data\\raw\\images\\0L0318QR.jpg'
OJEMWBS5.jpg,UnidentifiedImageError: cannot identify image file 'data\\raw\\images\\OJEMWBS5.jpg'
CDK3U2SU.jpg,UnidentifiedImageError: cannot identify image file 'data\\raw\\images\\CDK3U2SU.jpg'
3ZUGRM6E.jpg,UnidentifiedImageError: cannot identify image file 'data\\raw\\images\\3ZUGRM6E.jpg'
PYHCEU9X.jpg,UnidentifiedImageError: cannot identify image file 'data\\raw\\images\\PYHCEU9X.jpg'
2G7WLVZ4.jpg,UnidentifiedImageError: cannot identify image file 'data\\raw\\images\\2G7WLVZ4.jpg'
9LNGUF92.jpg,UnidentifiedImageError: cannot identify image file 'data\\raw\\images\\9LNGUF92.jpg'
4FZQVF9I.jpg,UnidentifiedImageError: cannot identify image file 'data\\raw\\images\\4FZQVF9I.jpg'
UP187J3H.jpg,UnidentifiedImageError: cannot identify image file 'data\\raw\\images\\UP187J3H.jpg'
M4WP23BA.jpg,UnidentifiedImageError: cannot identify image file 'data\\raw\\images\\M4WP23BA.jpg'
K7IL2FND.jpg,UnidentifiedImageError: cannot identify image file 'data\\raw\\images\\K7IL2FND.jpg'
ZD4HLKMY.jpg,UnidentifiedImageError: cannot identify image file 'data\\raw\\images\\ZD4HLKMY.jpg'
V0IB79GE.jpg,UnidentifiedImageError: cannot identify image file 'data\\raw\\images\\V0IB79GE.jpg'
LA03JKJ2.jpg,UnidentifiedImageError: cannot identify image file 'data\\raw\\images\\LA03JKJ2.jpg'
O7KDMU38.jpg,UnidentifiedImageError: cannot identify image file 'data\\raw\\images\\O7KDMU38.jpg'
3NP449UG.jpg,UnidentifiedImageError: cannot identify image file 'data\\raw\\images\\3NP449UG.jpg'
C4U4QMYS.jpg,UnidentifiedImageError: cannot identify image file 'data\\raw\\images\\C4U4QMYS.jpg'
9KEKS9IN.jpg,UnidentifiedImageError: cannot identify image file 'data\\raw\\images\\9KEKS9IN.jpg'
R5VW2KQ3.jpg,UnidentifiedImageError: cannot identify image file 'data\\raw\\images\\R5VW2KQ3.jpg'
3LTS0Y56.jpg,UnidentifiedImageError: cannot identify image file 'data\\raw\\images\\3LTS0Y56.jpg'
5ZXLAI7E.jpg,UnidentifiedImageError: cannot identify image file 'data\\raw\\images\\5ZXLAI7E.jpg'
XD9JGV5R.jpg,UnidentifiedImageError: cannot identify image file 'data\\raw\\images\\XD9JGV5R.jpg'
6MJNI7R0.jpg,UnidentifiedImageError: cannot identify image file 'data\\raw\\images\\6MJNI7R0.jpg'
G7CBLJ9P.jpg,UnidentifiedImageError: cannot identify image file 'data\\raw\\images\\G7CBLJ9P.jpg'
EHVW9VG6.jpg,UnidentifiedImageError: cannot identify image file 'data\\raw\\images\\EHVW9VG6.jpg'
9PC70FW3.jpg,UnidentifiedImageError: cannot identify image file 'data\\raw\\images\\9PC70FW3.jpg'
AC8CXI6G.jpg,UnidentifiedImageError: cannot identify image file 'data\\raw\\images\\AC8CXI6G.jpg'
NF30JS3E.jpg,UnidentifiedImageError: cannot identify image file 'data\\raw\\images\\NF30JS3E.jpg'
2J5C4988.jpg,UnidentifiedImageError: cannot identify image file 'data\\raw\\images\\2J5C4988.jpg'
T2DHUVJ1.jpg,UnidentifiedImageError: cannot identify image file 'data\\raw\\images\\T2DHUVJ1.jpg'
M8A3GRR9.jpg,UnidentifiedImageError: cannot identify image file 'data\\raw\\images\\M8A3GRR9.jpg'
W7ZRG3VZ.jpg,UnidentifiedImageError: cannot identify image file 'data\\raw\\images\\W7ZRG3VZ.jpg'
OCRAK0XI.jpg,UnidentifiedImageError: cannot identify image file 'data\\raw\\images\\OCRAK0XI.jpg'
REDASRBZ.jpg,UnidentifiedImageError: cannot identify image file 'data\\raw\\images\\REDASRBZ.jpg'
PJDMGA2P.jpg,UnidentifiedImageError: cannot identify image file 'data\\raw\\images\\PJDMGA2P.jpg'
99OWL4Q8.jpg,UnidentifiedImageError: cannot identify image file 'data\\raw\\images\\99OWL4Q8.jpg'
PINW8COP.jpg,UnidentifiedImageError: cannot identify image file 'data\\raw\\images\\PINW8COP.jpg'
NB2WD94X.jpg,UnidentifiedImageError: cannot identify image file 'data\\raw\\images\\NB2WD94X.jpg'
WH0YB8FW.jpg,UnidentifiedImageError: cannot identify image file 'data\\raw\\images\\WH0YB8FW.jpg'
FPN55NQO.jpg,UnidentifiedImageError: cannot identify image file 'data\\raw\\images\\FPN55NQO.jpg'
H6XK3VZZ.jpg,UnidentifiedImageError: cannot identify image file 'data\\raw\\images\\H6XK3VZZ.jpg'
C8TU2UKF.jpg,UnidentifiedImageError: cannot identify image file 'data\\raw\\images\\C8TU2UKF.jpg'
ZUX6L8A2.jpg,UnidentifiedImageError: cannot identify image file 'data\\raw\\images\\ZUX6L8A2.jpg'
Y9HYUULQ.jpg,UnidentifiedImageError: cannot identify image file 'data\\raw\\images\\Y9HYUULQ.jpg'
CCFWJQTG.jpg,UnidentifiedImageError: cannot identify image file 'data\\raw\\images\\CCFWJQTG.jpg'
7EUM8V2I.jpg,UnidentifiedImageError: cannot identify image file 'data\\raw\\images\\7EUM8V2I.jpg'
Y8HDVO52.jpg,UnidentifiedImageError: cannot identify image file 'data\\raw\\images\\Y8HDVO52.jpg'
HIWA7NXD.jpg,UnidentifiedImageError: cannot identify image file 'data\\raw\\images\\HIWA7NXD.jpg'
KYE4GY9U.jpg,UnidentifiedImageError: cannot identify image file 'data\\raw\\images\\KYE4GY9U.jpg'
0PJ5ELV9.jpg,UnidentifiedImageError: cannot identify image file 'data\\raw\\images\\0PJ5ELV9.jpg'
XABX52GA.jpg,UnidentifiedImageError: cannot identify image file 'data\\raw\\images\\XABX52GA.jpg'
PKHOCTN3.jpg,UnidentifiedImageError: cannot identify image file 'data\\raw\\images\\PKHOCTN3.jpg'
SNFAIF2U.jpg,UnidentifiedImageError: cannot identify image file 'data\\raw\\images\\SNFAIF2U.jpg'
YFOTTRV8.jpg,UnidentifiedImageError: cannot identify image file 'data\\raw\\images\\YFOTTRV8.jpg'
55G0IZQA.jpg,UnidentifiedImageError: cannot identify image file 'data\\raw\\images\\55G0IZQA.jpg'
3E02P3PD.jpg,UnidentifiedImageError: cannot identify image file 'data\\raw\\images\\3E02P3PD.jpg'
OTH33MQ2.jpg,UnidentifiedImageError: cannot identify image file 'data\\raw\\images\\OTH33MQ2.jpg'
AT257RBP.jpg,UnidentifiedImageError: cannot identify image file 'data\\raw\\images\\AT257RBP.jpg'
WGUSRBMK.jpg,UnidentifiedImageError: cannot identify image file 'data\\raw\\images\\WGUSRBMK.jpg'
R3FMWP43.jpg,UnidentifiedImageError: cannot identify image file 'data\\raw\\images\\R3FMWP43.jpg'
QAFH94Q3.jpg,UnidentifiedImageError: cannot identify image file 'data\\raw\\images\\QAFH94Q3.jpg'
59NG3VOA.jpg,UnidentifiedImageError: cannot identify image file 'data\\raw\\images\\59NG3VOA.jpg'
FBHK9U8L.jpg,UnidentifiedImageError: cannot identify image file 'data\\raw\\images\\FBHK9U8L.jpg'
X0PNTECB.jpg,UnidentifiedImageError: cannot identify image file 'data\\raw\\images\\X0PNTECB.jpg'
JOJEBDR8.jpg,UnidentifiedImageError: cannot identify image file 'data\\raw\\images\\JOJEBDR8.jpg'
VHTTQV19.jpg,UnidentifiedImageError: cannot identify image file 'data\\raw\\images\\VHTTQV19.jpg'
8CBS80BK.jpg,UnidentifiedImageError: cannot identify image file 'data\\raw\\images\\8CBS80BK.jpg'
9F4XDF6N.jpg,UnidentifiedImageError: cannot identify image file 'data\\raw\\images\\9F4XDF6N.jpg'
45EDSA8O.jpg,UnidentifiedImageError: cannot identify image file 'data\\raw\\images\\45EDSA8O.jpg'
MAKEAIKX.jpg,UnidentifiedImageError: cannot identify image file 'data\\raw\\images\\MAKEAIKX.jpg'
D8L4KETP.jpg,UnidentifiedImageError: cannot identify image file 'data\\raw\\images\\D8L4KETP.jpg'
E0LQVNND.jpg,UnidentifiedImageError: cannot identify image file 'data\\raw\\images\\E0LQVNND.jpg'
Y183P39T.jpg,UnidentifiedImageError: cannot identify image file 'data\\raw\\images\\Y183P39T.jpg'
VS1072MX.jpg,UnidentifiedImageError: cannot identify image file 'data\\raw\\images\\VS1072MX.jpg'
EOIKYTXX.jpg,UnidentifiedImageError: cannot identify image file 'data\\raw\\images\\EOIKYTXX.jpg'
0ZGHKDAQ.jpg,UnidentifiedImageError: cannot identify image file 'data\\raw\\images\\0ZGHKDAQ.jpg'
63SMSQWI.jpg,UnidentifiedImageError: cannot identify image file 'data\\raw\\images\\63SMSQWI.jpg'
V74UN7RW.jpg,UnidentifiedImageError: cannot identify image file 'data\\raw\\images\\V74UN7RW.jpg'
056LFWKS.jpg,UnidentifiedImageError: cannot identify image file 'data\\raw\\images\\056LFWKS.jpg'
REUEIX5J.jpg,UnidentifiedImageError: cannot identify image file 'data\\raw\\images\\REUEIX5J.jpg'
EPEM4PBR.jpg,UnidentifiedImageError: cannot identify image file 'data\\raw\\images\\EPEM4PBR.jpg'
7DT6SCY9.jpg,UnidentifiedImageError: cannot identify image file 'data\\raw\\images\\7DT6SCY9.jpg'
QP3IOK1Q.jpg,UnidentifiedImageError: cannot identify image file 'data\\raw\\images\\QP3IOK1Q.jpg'
ZJ28SRBX.jpg,UnidentifiedImageError: cannot identify image file 'data\\raw\\images\\ZJ28SRBX.jpg'
0AN4WLOU.jpg,UnidentifiedImageError: cannot identify image file 'data\\raw\\images\\0AN4WLOU.jpg'
B346KS4I.jpg,UnidentifiedImageError: cannot identify image file 'data\\raw\\images\\B346KS4I.jpg'
2N7IJSZC.jpg,UnidentifiedImageError: cannot identify image file 'data\\raw\\images\\2N7IJSZC.jpg'
AL2VPJYE.jpg,UnidentifiedImageError: cannot identify image file 'data\\raw\\images\\AL2VPJYE.jpg'
OY35S8WB.jpg,UnidentifiedImageError: cannot identify image file 'data\\raw\\images\\OY35S8WB.jpg'
FCDCVHXZ.jpg,UnidentifiedImageError: cannot identify image file 'data\\raw\\images\\FCDCVHXZ.jpg'
1SBT42Z9.jpg,UnidentifiedImageError: cannot identify image file 'data\\raw\\images\\1SBT42Z9.jpg'
C4MBQOW1.jpg,UnidentifiedImageError: cannot identify image file 'data\\raw\\images\\C4MBQOW1.jpg'
Z3N8GQE8.jpg,UnidentifiedImageError: cannot identify image file 'data\\raw\\images\\Z3N8GQE8.jpg'
UI860SYR.jpg,UnidentifiedImageError: cannot identify image file 'data\\raw\\images\\UI860SYR.jpg'
T5PCX8DW.jpg,UnidentifiedImageError: cannot identify image file 'data\\raw\\images\\T5PCX8DW.jpg'
JL60X283.jpg,UnidentifiedImageError: cannot identify image file 'data\\raw\\images\\JL60X283.jpg'
8IE0TF24.jpg,UnidentifiedImageError: cannot identify image file 'data\\raw\\images\\8IE0TF24.jpg'
XNXMLT8S.jpg,UnidentifiedImageError: cannot identify image file 'data\\raw\\images\\XNXMLT8S.jpg'
PK00E4EV.jpg,UnidentifiedImageError: cannot identify image file 'data\\raw\\images\\PK00E4EV.jpg'
F0IWXFVQ.jpg,UnidentifiedImageError: cannot identify image file 'data\\raw\\images\\F0IWXFVQ.jpg'
I6CU3FB5.jpg,UnidentifiedImageError: cannot identify image file 'data\\raw\\images\\I6CU3FB5.jpg'
HR190QH7.jpg,UnidentifiedImageError: cannot identify image file 'data\\raw\\images\\HR190QH7.jpg'
40WFA0OK.jpg,UnidentifiedImageError: cannot identify image file 'data\\raw\\images\\40WFA0OK.jpg'
X4YQAGSE.jpg,UnidentifiedImageError: cannot identify image file 'data\\raw\\images\\X4YQAGSE.jpg'
1BDZUR0I.jpg,UnidentifiedImageError: cannot identify image file 'data\\raw\\images\\1BDZUR0I.jpg'
P98LG320.jpg,UnidentifiedImageError: cannot identify image file 'data\\raw\\images\\P98LG320.jpg'
N1JDNJ46.jpg,UnidentifiedImageError: cannot identify image file 'data\\raw\\images\\N1JDNJ46.jpg'
YKAJPWSS.jpg,UnidentifiedImageError: cannot identify image file 'data\\raw\\images\\YKAJPWSS.jpg'
TJGLPR4B.jpg,UnidentifiedImageError: cannot identify image file 'data\\raw\\images\\TJGLPR4B.jpg'
CATW6J4J.jpg,UnidentifiedImageError: cannot identify image file 'data\\raw\\images\\CATW6J4J.jpg'
TF6TQGK1.jpg,UnidentifiedImageError: cannot identify image file 'data\\raw\\images\\TF6TQGK1.jpg'
WV7XPPAC.jpg,UnidentifiedImageError: cannot identify image file 'data\\raw\\images\\WV7XPPAC.jpg'
6FZE1IMW.jpg,UnidentifiedImageError: cannot identify image file 'data\\raw\\images\\6FZE1IMW.jpg'
25M2LEG7.jpg,UnidentifiedImageError: cannot identify image file 'data\\raw\\images\\25M2LEG7.jpg'
XLWD3U6F.jpg,UnidentifiedImageError: cannot identify image file 'data\\raw\\images\\XLWD3U6F.jpg'
CIX098PA.jpg,UnidentifiedImageError: cannot identify image file 'data\\raw\\images\\CIX098PA.jpg'
3MXZN3SU.jpg,UnidentifiedImageError: cannot identify image file 'data\\raw\\images\\3MXZN3SU.jpg'
330P9FDO.jpg,UnidentifiedImageError: cannot identify image file 'data\\raw\\images\\330P9FDO.jpg'
NESYBZ67.jpg,UnidentifiedImageError: cannot identify image file 'data\\raw\\images\\NESYBZ67.jpg'
ALOAPRZH.jpg,UnidentifiedImageError: cannot identify image file 'data\\raw\\images\\ALOAPRZH.jpg'
7QOSOZ8X.jpg,UnidentifiedImageError: cannot identify image file 'data\\raw\\images\\7QOSOZ8X.jpg'
HLXLD6NK.jpg,UnidentifiedImageError: cannot identify image file 'data\\raw\\images\\HLXLD6NK.jpg'
0QHYKDTU.jpg,UnidentifiedImageError: cannot identify image file 'data\\raw\\images\\0QHYKDTU.jpg'
CURFGS7H.jpg,UnidentifiedImageError: cannot identify image file 'data\\raw\\images\\CURFGS7H.jpg'
7G7PQK9W.jpg,UnidentifiedImageError: cannot identify image file 'data\\raw\\images\\7G7PQK9W.jpg'
2TXS1TZW.jpg,UnidentifiedImageError: cannot identify image file 'data\\raw\\images\\2TXS1TZW.jpg'
79F05NSM.jpg,UnidentifiedImageError: cannot identify image file 'data\\raw\\images\\79F05NSM.jpg'
9FBU7I7G.jpg,UnidentifiedImageError: cannot identify image file 'data\\raw\\images\\9FBU7I7G.jpg'
B02XFNA3.jpg,UnidentifiedImageError: cannot identify image file 'data\\raw\\images\\B02XFNA3.jpg'
A8ZP51PA.jpg,UnidentifiedImageError: cannot identify image file 'data\\raw\\images\\A8ZP51PA.jpg'
20JVMF4Q.jpg,UnidentifiedImageError: cannot identify image file 'data\\raw\\images\\20JVMF4Q.jpg'
4I2IW1BH.jpg,UnidentifiedImageError: cannot identify image file 'data\\raw\\images\\4I2IW1BH.jpg'
0T57IM47.jpg,UnidentifiedImageError: cannot identify image file 'data\\raw\\images\\0T57IM47.jpg'
QUS8HQSQ.jpg,UnidentifiedImageError: cannot identify image file 'data\\raw\\images\\QUS8HQSQ.jpg'
1UDSSU6Y.jpg,UnidentifiedImageError: cannot identify image file 'data\\raw\\images\\1UDSSU6Y.jpg'
YULQ9ZC2.jpg,UnidentifiedImageError: cannot identify image file 'data\\raw\\images\\YULQ9ZC2.jpg'
9TGO3DS6.jpg,UnidentifiedImageError: cannot identify image file 'data\\raw\\images\\9TGO3DS6.jpg'
8IKV64XU.jpg,UnidentifiedImageError: cannot identify image file 'data\\raw\\images\\8IKV64XU.jpg'
I7VPN5C6.jpg,UnidentifiedImageError: cannot identify image file 'data\\raw\\images\\I7VPN5C6.jpg'
0AWA1M8R.jpg,UnidentifiedImageError: cannot identify image file 'data\\raw\\images\\0AWA1M8R.jpg'
WCHZWV43.jpg,UnidentifiedImageError: cannot identify image file 'data\\raw\\images\\WCHZWV43.jpg'
AT7IFG86.jpg,UnidentifiedImageError: cannot identify image file 'data\\raw\\images\\AT7IFG86.jpg'
DHE99SKO.jpg,UnidentifiedImageError: cannot identify image file 'data\\raw\\images\\DHE99SKO.jpg'
IUK5373Q.jpg,UnidentifiedImageError: cannot identify image file 'data\\raw\\images\\IUK5373Q.jpg'
FV9CPL3S.jpg,UnidentifiedImageError: cannot identify image file 'data\\raw\\images\\FV9CPL3S.jpg'
DJJQEC7Q.jpg,UnidentifiedImageError: cannot identify image file 'data\\raw\\images\\DJJQEC7Q.jpg'
XMYU28XS.jpg,UnidentifiedImageError: cannot identify image file 'data\\raw\\images\\XMYU28XS.jpg'
VYRJDM8C.jpg,UnidentifiedImageError: cannot identify image file 'data\\raw\\images\\VYRJDM8C.jpg'
L86OMN0G.jpg,UnidentifiedImageError: cannot identify image file 'data\\raw\\images\\L86OMN0G.jpg'
01B7A516.jpg,UnidentifiedImageError: cannot identify image file 'data\\raw\\images\\01B7A516.jpg'
R4EWFSTP.jpg,UnidentifiedImageError: cannot identify image file 'data\\raw\\images\\R4EWFSTP.jpg'
2UXY45Q1.jpg,UnidentifiedImageError: cannot identify image file 'data\\raw\\images\\2UXY45Q1.jpg'
8AYDK2NX.jpg,UnidentifiedImageError: cannot identify image file 'data\\raw\\images\\8AYDK2NX.jpg'
T0LB1PLO.jpg,UnidentifiedImageError: cannot identify image file 'data\\raw\\images\\T0LB1PLO.jpg'
R2F4LVWQ.jpg,UnidentifiedImageError: cannot identify image file 'data\\raw\\images\\R2F4LVWQ.jpg'
TBYLCJFE.jpg,UnidentifiedImageError: cannot identify image file 'data\\raw\\images\\TBYLCJFE.jpg'
TQHQYI6N.jpg,UnidentifiedImageError: cannot identify image file 'data\\raw\\images\\TQHQYI6N.jpg'
8I2WT2AQ.jpg,UnidentifiedImageError: cannot identify image file 'data\\raw\\images\\8I2WT2AQ.jpg'
CNF0ADI2.jpg,UnidentifiedImageError: cannot identify image file 'data\\raw\\images\\CNF0ADI2.jpg'
PXQK15AP.jpg,UnidentifiedImageError: cannot identify image file 'data\\raw\\images\\PXQK15AP.jpg'
N0JBHZUQ.jpg,UnidentifiedImageError: cannot identify image file 'data\\raw\\images\\N0JBHZUQ.jpg'
JQGW1ZN3.jpg,UnidentifiedImageError: cannot identify image file 'data\\raw\\images\\JQGW1ZN3.jpg'
VYD3FP65.jpg,UnidentifiedImageError: cannot identify image file 'data\\raw\\images\\VYD3FP65.jpg'
H228U06B.jpg,UnidentifiedImageError: cannot identify image file 'data\\raw\\images\\H228U06B.jpg'
A0GKDUK1.jpg,UnidentifiedImageError: cannot identify image file 'data\\raw\\images\\A0GKDUK1.jpg'
U9IPF1H0.jpg,UnidentifiedImageError: cannot identify image file 'data\\raw\\images\\U9IPF1H0.jpg'
ZI6J65W5.jpg,UnidentifiedImageError: cannot identify image file 'data\\raw\\images\\ZI6J65W5.jpg'
YCKOM93W.jpg,UnidentifiedImageError: cannot identify image file 'data\\raw\\images\\YCKOM93W.jpg'
AXDBX5Y0.jpg,UnidentifiedImageError: cannot identify image file 'data\\raw\\images\\AXDBX5Y0.jpg'
OZOCGHZ1.jpg,UnidentifiedImageError: cannot identify image file 'data\\raw\\images\\OZOCGHZ1.jpg'
GKEN7STG.jpg,UnidentifiedImageError: cannot identify image file 'data\\raw\\images\\GKEN7STG.jpg'
ZQ1M4POG.jpg,UnidentifiedImageError: cannot identify image file 'data\\raw\\images\\ZQ1M4POG.jpg'
G01J58CW.jpg,UnidentifiedImageError: cannot identify image file 'data\\raw\\images\\G01J58CW.jpg'
XNWS1192.jpg,UnidentifiedImageError: cannot identify image file 'data\\raw\\images\\XNWS1192.jpg'
TC0H08ST.jpg,UnidentifiedImageError: cannot identify image file 'data\\raw\\images\\TC0H08ST.jpg'
8FTNW9AZ.jpg,UnidentifiedImageError: cannot identify image file 'data\\raw\\images\\8FTNW9AZ.jpg'
USSZ8KYK.jpg,UnidentifiedImageError: cannot identify image file 'data\\raw\\images\\USSZ8KYK.jpg'
KFOZZ7OZ.jpg,UnidentifiedImageError: cannot identify image file 'data\\raw\\images\\KFOZZ7OZ.jpg'
U9WZMMWJ.jpg,UnidentifiedImageError: cannot identify image file 'data\\raw\\images\\U9WZMMWJ.jpg'
2OWJOUIK.jpg,UnidentifiedImageError: cannot identify image file 'data\\raw\\images\\2OWJOUIK.jpg'
W831QZOV.jpg,UnidentifiedImageError: cannot identify image file 'data\\raw\\images\\W831QZOV.jpg'
7LQW7X5M.jpg,UnidentifiedImageError: cannot identify image file 'data\\raw\\images\\7LQW7X5M.jpg'
F0OQL5VZ.jpg,UnidentifiedImageError: cannot identify image file 'data\\raw\\images\\F0OQL5VZ.jpg'
AP5YBB6A.jpg,UnidentifiedImageError: cannot identify image file 'data\\raw\\images\\AP5YBB6A.jpg'
0434DM83.jpg,UnidentifiedImageError: cannot identify image file 'data\\raw\\images\\0434DM83.jpg'
6ZSB95VB.jpg,UnidentifiedImageError: cannot identify image file 'data\\raw\\images\\6ZSB95VB.jpg'
WGBG3VZC.jpg,UnidentifiedImageError: cannot identify image file 'data\\raw\\images\\WGBG3VZC.jpg'
7IPJ3X8N.jpg,UnidentifiedImageError: cannot identify image file 'data\\raw\\images\\7IPJ3X8N.jpg'
QKVEOBUS.jpg,UnidentifiedImageError: cannot identify image file 'data\\raw\\images\\QKVEOBUS.jpg'
P21JZBRW.jpg,UnidentifiedImageError: cannot identify image file 'data\\raw\\images\\P21JZBRW.jpg'
CSZUDFCJ.jpg,UnidentifiedImageError: cannot identify image file 'data\\raw\\images\\CSZUDFCJ.jpg'
P25SQFVO.jpg,UnidentifiedImageError: cannot identify image file 'data\\raw\\images\\P25SQFVO.jpg'
OS96QTQM.jpg,UnidentifiedImageError: cannot identify image file 'data\\raw\\images\\OS96QTQM.jpg'
74CYF44V.jpg,UnidentifiedImageError: cannot identify image file 'data\\raw\\images\\74CYF44V.jpg'
QN3N4AY2.jpg,UnidentifiedImageError: cannot identify image file 'data\\raw\\images\\QN3N4AY2.jpg'
2KRRX1K0.jpg,UnidentifiedImageError: cannot identify image file 'data\\raw\\images\\2KRRX1K0.jpg'
20FSFVKS.jpg,UnidentifiedImageError: cannot identify image file 'data\\raw\\images\\20FSFVKS.jpg'
6FJXCJTE.jpg,UnidentifiedImageError: cannot identify image file 'data\\raw\\images\\6FJXCJTE.jpg'
LMNUQO1E.jpg,UnidentifiedImageError: cannot identify image file 'data\\raw\\images\\LMNUQO1E.jpg'
05T2KXY8.jpg,UnidentifiedImageError: cannot identify image file 'data\\raw\\images\\05T2KXY8.jpg'
7KDPIL4L.jpg,UnidentifiedImageError: cannot identify image file 'data\\raw\\images\\7KDPIL4L.jpg'
NJT8OW8L.jpg,UnidentifiedImageError: cannot identify image file 'data\\raw\\images\\NJT8OW8L.jpg'
4XASSIQE.jpg,UnidentifiedImageError: cannot identify image file 'data\\raw\\images\\4XASSIQE.jpg'
R8OM0ZC4.jpg,UnidentifiedImageError: cannot identify image file 'data\\raw\\images\\R8OM0ZC4.jpg'
VWD43KBA.jpg,UnidentifiedImageError: cannot identify image file 'data\\raw\\images\\VWD43KBA.jpg'
SNAV4RQO.jpg,UnidentifiedImageError: cannot identify image file 'data\\raw\\images\\SNAV4RQO.jpg'
FGYSID9Z.jpg,UnidentifiedImageError: cannot identify image file 'data\\raw\\images\\FGYSID9Z.jpg'
I5LJYW3A.jpg,UnidentifiedImageError: cannot identify image file 'data\\raw\\images\\I5LJYW3A.jpg'
39BOU8ZU.jpg,UnidentifiedImageError: cannot identify image file 'data\\raw\\images\\39BOU8ZU.jpg'
4PY00LLF.jpg,UnidentifiedImageError: cannot identify image file 'data\\raw\\images\\4PY00LLF.jpg'
LHQHJ2NJ.jpg,UnidentifiedImageError: cannot identify image file 'data\\raw\\images\\LHQHJ2NJ.jpg'
NLAR0Y7U.jpg,UnidentifiedImageError: cannot identify image file 'data\\raw\\images\\NLAR0Y7U.jpg'
B79KGCRN.jpg,UnidentifiedImageError: cannot identify image file 'data\\raw\\images\\B79KGCRN.jpg'
XA2J3MJ5.jpg,UnidentifiedImageError: cannot identify image file 'data\\raw\\images\\XA2J3MJ5.jpg'
GE9JVXKG.jpg,UnidentifiedImageError: cannot identify image file 'data\\raw\\images\\GE9JVXKG.jpg'
II3COAAW.jpg,UnidentifiedImageError: cannot identify image file 'data\\raw\\images\\II3COAAW.jpg'
7Y9XYRXW.jpg,UnidentifiedImageError: cannot identify image file 'data\\raw\\images\\7Y9XYRXW.jpg'
ARWU3MQU.jpg,UnidentifiedImageError: cannot identify image file 'data\\raw\\images\\ARWU3MQU.jpg'
71CHS9HW.jpg,UnidentifiedImageError: cannot identify image file 'data\\raw\\images\\71CHS9HW.jpg'
OV5RMJKO.jpg,UnidentifiedImageError: cannot identify image file 'data\\raw\\images\\OV5RMJKO.jpg'
6ROFUGOW.jpg,UnidentifiedImageError: cannot identify image file 'data\\raw\\images\\6ROFUGOW.jpg'
WVKTG91Y.jpg,UnidentifiedImageError: cannot identify image file 'data\\raw\\images\\WVKTG91Y.jpg'
PH2X6H46.jpg,UnidentifiedImageError: cannot identify image file 'data\\raw\\images\\PH2X6H46.jpg'
R7R9ZO43.jpg,UnidentifiedImageError: cannot identify image file 'data\\raw\\images\\R7R9ZO43.jpg'
RX96JQGG.jpg,UnidentifiedImageError: cannot identify image file 'data\\raw\\images\\RX96JQGG.jpg'
9LXW74IH.jpg,UnidentifiedImageError: cannot identify image file 'data\\raw\\images\\9LXW74IH.jpg'
XR9OJ6YJ.jpg,UnidentifiedImageError: cannot identify image file 'data\\raw\\images\\XR9OJ6YJ.jpg'
VX5Z0EBN.jpg,UnidentifiedImageError: cannot identify image file 'data\\raw\\images\\VX5Z0EBN.jpg'
T9FZH7WI.jpg,UnidentifiedImageError: cannot identify image file 'data\\raw\\images\\T9FZH7WI.jpg'
MQNTR55D.jpg,UnidentifiedImageError: cannot identify image file 'data\\raw\\images\\MQNTR55D.jpg'
TDQZ2HDY.jpg,UnidentifiedImageError: cannot identify image file 'data\\raw\\images\\TDQZ2HDY.jpg'
DMBTTGYR.jpg,UnidentifiedImageError: cannot identify image file 'data\\raw\\images\\DMBTTGYR.jpg'
DAKY7J8H.jpg,UnidentifiedImageError: cannot identify image file 'data\\raw\\images\\DAKY7J8H.jpg'
78TKNYT8.jpg,UnidentifiedImageError: cannot identify image file 'data\\raw\\images\\78TKNYT8.jpg'
DH9GJLNE.jpg,UnidentifiedImageError: cannot identify image file 'data\\raw\\images\\DH9GJLNE.jpg'
W6CUZ8R9.jpg,UnidentifiedImageError: cannot identify image file 'data\\raw\\images\\W6CUZ8R9.jpg'
ABFCOYEB.jpg,UnidentifiedImageError: cannot identify image file 'data\\raw\\images\\ABFCOYEB.jpg'
0I8PKRN1.jpg,UnidentifiedImageError: cannot identify image file 'data\\raw\\images\\0I8PKRN1.jpg'
9WLHZFNU.jpg,UnidentifiedImageError: cannot identify image file 'data\\raw\\images\\9WLHZFNU.jpg'
PCFEILP2.jpg,UnidentifiedImageError: cannot identify image file 'data\\raw\\images\\PCFEILP2.jpg'
IMP3Y90S.jpg,UnidentifiedImageError: cannot identify image file 'data\\raw\\images\\IMP3Y90S.jpg'
2WZCO14P.jpg,UnidentifiedImageError: cannot identify image file 'data\\raw\\images\\2WZCO14P.jpg'
SVPNEJEL.jpg,UnidentifiedImageError: cannot identify image file 'data\\raw\\images\\SVPNEJEL.jpg'
YCYEC35E.jpg,UnidentifiedImageError: cannot identify image file 'data\\raw\\images\\YCYEC35E.jpg'
WJ0ADKS9.jpg,UnidentifiedImageError: cannot identify image file 'data\\raw\\images\\WJ0ADKS9.jpg'
JDNKP3IV.jpg,UnidentifiedImageError: cannot identify image file 'data\\raw\\images\\JDNKP3IV.jpg'
SCBP3VAH.jpg,UnidentifiedImageError: cannot identify image file 'data\\raw\\images\\SCBP3VAH.jpg'
LRIRIUE7.jpg,UnidentifiedImageError: cannot identify image file 'data\\raw\\images\\LRIRIUE7.jpg'
NMJ9F574.jpg,UnidentifiedImageError: cannot identify image file 'data\\raw\\images\\NMJ9F574.jpg'
3V436R0N.jpg,UnidentifiedImageError: cannot identify image file 'data\\raw\\images\\3V436R0N.jpg'
TS9NLMMO.jpg,UnidentifiedImageError: cannot identify image file 'data\\raw\\images\\TS9NLMMO.jpg'
QI6V5J16.jpg,UnidentifiedImageError: cannot identify image file 'data\\raw\\images\\QI6V5J16.jpg'
D73GWAJX.jpg,UnidentifiedImageError: cannot identify image file 'data\\raw\\images\\D73GWAJX.jpg'
1JNO3WKG.jpg,UnidentifiedImageError: cannot identify image file 'data\\raw\\images\\1JNO3WKG.jpg'
11TU0P4D.jpg,UnidentifiedImageError: cannot identify image file 'data\\raw\\images\\11TU0P4D.jpg'
I8EZOLJ7.jpg,UnidentifiedImageError: cannot identify image file 'data\\raw\\images\\I8EZOLJ7.jpg'
CF92HTN9.jpg,UnidentifiedImageError: cannot identify image file 'data\\raw\\images\\CF92HTN9.jpg'
GP8746E4.jpg,UnidentifiedImageError: cannot identify image file 'data\\raw\\images\\GP8746E4.jpg'
TSGQRBRM.jpg,UnidentifiedImageError: cannot identify image file 'data\\raw\\images\\TSGQRBRM.jpg'
JA8PPQDS.jpg,UnidentifiedImageError: cannot identify image file 'data\\raw\\images\\JA8PPQDS.jpg'
6BBY531T.jpg,UnidentifiedImageError: cannot identify image file 'data\\raw\\images\\6BBY531T.jpg'
UWJUDPPU.jpg,UnidentifiedImageError: cannot identify image file 'data\\raw\\images\\UWJUDPPU.jpg'
LB7WP87M.jpg,UnidentifiedImageError: cannot identify image file 'data\\raw\\images\\LB7WP87M.jpg'
6GCCCW02.jpg,UnidentifiedImageError: cannot identify image file 'data\\raw\\images\\6GCCCW02.jpg'
O4MJYXR6.jpg,UnidentifiedImageError: cannot identify image file 'data\\raw\\images\\O4MJYXR6.jpg'
AM84WDRA.jpg,UnidentifiedImageError: cannot identify image file 'data\\raw\\images\\AM84WDRA.jpg'
PX8UYB3Y.jpg,UnidentifiedImageError: cannot identify image file 'data\\raw\\images\\PX8UYB3Y.jpg'
DFJG6D8O.jpg,UnidentifiedImageError: cannot identify image file 'data\\raw\\images\\DFJG6D8O.jpg'
PJUGDIDG.jpg,UnidentifiedImageError: cannot identify image file 'data\\raw\\images\\PJUGDIDG.jpg'
9G84HEA3.jpg,UnidentifiedImageError: cannot identify image file 'data\\raw\\images\\9G84HEA3.jpg'
GYXCTPI6.jpg,UnidentifiedImageError: cannot identify image file 'data\\raw\\images\\GYXCTPI6.jpg'
2S2BYLUX.jpg,UnidentifiedImageError: cannot identify image file 'data\\raw\\images\\2S2BYLUX.jpg'
2HSSSV5Z.jpg,UnidentifiedImageError: cannot identify image file 'data\\raw\\images\\2HSSSV5Z.jpg'
T9EFBMBU.jpg,UnidentifiedImageError: cannot identify image file 'data\\raw\\images\\T9EFBMBU.jpg'
WW1W0P7P.jpg,UnidentifiedImageError: cannot identify image file 'data\\raw\\images\\WW1W0P7P.jpg'
Q0WB2BNI.jpg,UnidentifiedImageError: cannot identify image file 'data\\raw\\images\\Q0WB2BNI.jpg'
MNR0X1QC.jpg,UnidentifiedImageError: cannot identify image file 'data\\raw\\images\\MNR0X1QC.jpg'
KEDVXPH7.jpg,UnidentifiedImageError: cannot identify image file 'data\\raw\\images\\KEDVXPH7.jpg'
4IKH00F4.jpg,UnidentifiedImageError: cannot identify image file 'data\\raw\\images\\4IKH00F4.jpg'
6M0CGYJT.jpg,UnidentifiedImageError: cannot identify image file 'data\\raw\\images\\6M0CGYJT.jpg'
XGQR4XH6.jpg,UnidentifiedImageError: cannot identify image file 'data\\raw\\images\\XGQR4XH6.jpg'
NCFJQMTI.jpg,UnidentifiedImageError: cannot identify image file 'data\\raw\\images\\NCFJQMTI.jpg'
VHKVDJOZ.jpg,UnidentifiedImageError: cannot identify image file 'data\\raw\\images\\VHKVDJOZ.jpg'
3ZAFSMQP.jpg,UnidentifiedImageError: cannot identify image file 'data\\raw\\images\\3ZAFSMQP.jpg'
I63174VI.jpg,UnidentifiedImageError: cannot identify image file 'data\\raw\\images\\I63174VI.jpg'
XYCHQIOI.jpg,UnidentifiedImageError: cannot identify image file 'data\\raw\\images\\XYCHQIOI.jpg'
QXALRJ01.jpg,UnidentifiedImageError: cannot identify image file 'data\\raw\\images\\QXALRJ01.jpg'
9R9GYP0S.jpg,UnidentifiedImageError: cannot identify image file 'data\\raw\\images\\9R9GYP0S.jpg'
1JDXSAWW.jpg,UnidentifiedImageError: cannot identify image file 'data\\raw\\images\\1JDXSAWW.jpg'
HKBQ7SGJ.jpg,UnidentifiedImageError: cannot identify image file 'data\\raw\\images\\HKBQ7SGJ.jpg'
744TNFMU.jpg,UnidentifiedImageError: cannot identify image file 'data\\raw\\images\\744TNFMU.jpg'
ZDG4FRXB.jpg,UnidentifiedImageError: cannot identify image file 'data\\raw\\images\\ZDG4FRXB.jpg'
BBR2C8XX.jpg,UnidentifiedImageError: cannot identify image file 'data\\raw\\images\\BBR2C8XX.jpg'
BZTQLOBP.jpg,UnidentifiedImageError: cannot identify image file 'data\\raw\\images\\BZTQLOBP.jpg'
UT9OXK8F.jpg,UnidentifiedImageError: cannot identify image file 'data\\raw\\images\\UT9OXK8F.jpg'
ALH10DDW.jpg,UnidentifiedImageError: cannot identify image file 'data\\raw\\images\\ALH10DDW.jpg'
3GHN8AE0.jpg,UnidentifiedImageError: cannot identify image file 'data\\raw\\images\\3GHN8AE0.jpg'
CBH9C9N4.jpg,UnidentifiedImageError: cannot identify image file 'data\\raw\\images\\CBH9C9N4.jpg'
I8LDDAYJ.jpg,UnidentifiedImageError: cannot identify image file 'data\\raw\\images\\I8LDDAYJ.jpg'
V6BHU6MT.jpg,UnidentifiedImageError: cannot identify image file 'data\\raw\\images\\V6BHU6MT.jpg'
PQORSJBC.jpg,UnidentifiedImageError: cannot identify image file 'data\\raw\\images\\PQORSJBC.jpg'
6WABZL3L.jpg,UnidentifiedImageError: cannot identify image file 'data\\raw\\images\\6WABZL3L.jpg'
HXBOVSLH.jpg,UnidentifiedImageError: cannot identify image file 'data\\raw\\images\\HXBOVSLH.jpg'
AYZQQ02A.jpg,UnidentifiedImageError: cannot identify image file 'data\\raw\\images\\AYZQQ02A.jpg'
KX58Q21G.jpg,UnidentifiedImageError: cannot identify image file 'data\\raw\\images\\KX58Q21G.jpg'
E6CDNAO7.jpg,UnidentifiedImageError: cannot identify image file 'data\\raw\\images\\E6CDNAO7.jpg'
2GTDALWZ.jpg,UnidentifiedImageError: cannot identify image file 'data\\raw\\images\\2GTDALWZ.jpg'
9TSIQ8NU.jpg,UnidentifiedImageError: cannot identify image file 'data\\raw\\images\\9TSIQ8NU.jpg'
C1F02XYR.jpg,UnidentifiedImageError: cannot identify image file 'data\\raw\\images\\C1F02XYR.jpg'
TD1VKCGT.jpg,UnidentifiedImageError: cannot identify image file 'data\\raw\\images\\TD1VKCGT.jpg'
AT4KW08Y.jpg,UnidentifiedImageError: cannot identify image file 'data\\raw\\images\\AT4KW08Y.jpg'
NDK0UJRV.jpg,UnidentifiedImageError: cannot identify image file 'data\\raw\\images\\NDK0UJRV.jpg'
10Z9SJMG.jpg,UnidentifiedImageError: cannot identify image file 'data\\raw\\images\\10Z9SJMG.jpg'
86H8FT4D.jpg,UnidentifiedImageError: cannot identify image file 'data\\raw\\images\\86H8FT4D.jpg'
246W7Q55.jpg,UnidentifiedImageError: cannot identify image file 'data\\raw\\images\\246W7Q55.jpg'
S3W4PMO2.jpg,UnidentifiedImageError: cannot identify image file 'data\\raw\\images\\S3W4PMO2.jpg'
G2IHSM6U.jpg,UnidentifiedImageError: cannot identify image file 'data\\raw\\images\\G2IHSM6U.jpg'
JBQRPUS4.jpg,UnidentifiedImageError: cannot identify image file 'data\\raw\\images\\JBQRPUS4.jpg'
F8G4NQU8.jpg,UnidentifiedImageError: cannot identify image file 'data\\raw\\images\\F8G4NQU8.jpg'
QI1G0VME.jpg,UnidentifiedImageError: cannot identify image file 'data\\raw\\images\\QI1G0VME.jpg'
07N1HUUW.jpg,UnidentifiedImageError: cannot identify image file 'data\\raw\\images\\07N1HUUW.jpg'
YIL0KT90.jpg,UnidentifiedImageError: cannot identify image file 'data\\raw\\images\\YIL0KT90.jpg'
S85INLZ6.jpg,UnidentifiedImageError: cannot identify image file 'data\\raw\\images\\S85INLZ6.jpg'
711YSOF5.jpg,UnidentifiedImageError: cannot identify image file 'data\\raw\\images\\711YSOF5.jpg'
KTDJXBG2.jpg,UnidentifiedImageError: cannot identify image file 'data\\raw\\images\\KTDJXBG2.jpg'
YX4RYCPI.jpg,UnidentifiedImageError: cannot identify image file 'data\\raw\\images\\YX4RYCPI.jpg'
KO268501.jpg,UnidentifiedImageError: cannot identify image file 'data\\raw\\images\\KO268501.jpg'
7TAAFOLO.jpg,UnidentifiedImageError: cannot identify image file 'data\\raw\\images\\7TAAFOLO.jpg'
Q57XKFGZ.jpg,UnidentifiedImageError: cannot identify image file 'data\\raw\\images\\Q57XKFGZ.jpg'
GDEFRHQD.jpg,UnidentifiedImageError: cannot identify image file 'data\\raw\\images\\GDEFRHQD.jpg'
XBZKKQBH.jpg,UnidentifiedImageError: cannot identify image file 'data\\raw\\images\\XBZKKQBH.jpg'
DWL7HOAQ.jpg,UnidentifiedImageError: cannot identify image file 'data\\raw\\images\\DWL7HOAQ.jpg'
TPAVMM3V.jpg,UnidentifiedImageError: cannot identify image file 'data\\raw\\images\\TPAVMM3V.jpg'
EBKOCQRG.jpg,UnidentifiedImageError: cannot identify image file 'data\\raw\\images\\EBKOCQRG.jpg'
5KDFQHGE.jpg,UnidentifiedImageError: cannot identify image file 'data\\raw\\images\\5KDFQHGE.jpg'
UEJXYCWL.jpg,UnidentifiedImageError: cannot identify image file 'data\\raw\\images\\UEJXYCWL.jpg'
Y0YB2KJB.jpg,UnidentifiedImageError: cannot identify image file 'data\\raw\\images\\Y0YB2KJB.jpg'
LSPQVM8T.jpg,UnidentifiedImageError: cannot identify image file 'data\\raw\\images\\LSPQVM8T.jpg'
I4DXFWN8.jpg,UnidentifiedImageError: cannot identify image file 'data\\raw\\images\\I4DXFWN8.jpg'
OLK6A7LU.jpg,UnidentifiedImageError: cannot identify image file 'data\\raw\\images\\OLK6A7LU.jpg'
UB7LK1LF.jpg,UnidentifiedImageError: cannot identify image file 'data\\raw\\images\\UB7LK1LF.jpg'
26SLOB94.jpg,UnidentifiedImageError: cannot identify image file 'data\\raw\\images\\26SLOB94.jpg'
WLC4FPK6.jpg,UnidentifiedImageError: cannot identify image file 'data\\raw\\images\\WLC4FPK6.jpg'
3GLGMFN6.jpg,UnidentifiedImageError: cannot identify image file 'data\\raw\\images\\3GLGMFN6.jpg'
9UJUTZ2B.jpg,UnidentifiedImageError: cannot identify image file 'data\\raw\\images\\9UJUTZ2B.jpg'
69IFBF3T.jpg,UnidentifiedImageError: cannot identify image file 'data\\raw\\images\\69IFBF3T.jpg'
0UARUZ7O.jpg,UnidentifiedImageError: cannot identify image file 'data\\raw\\images\\0UARUZ7O.jpg'
1SWJWYVG.jpg,UnidentifiedImageError: cannot identify image file 'data\\raw\\images\\1SWJWYVG.jpg'
22D27PP3.jpg,UnidentifiedImageError: cannot identify image file 'data\\raw\\images\\22D27PP3.jpg'
5LGBSHW0.jpg,UnidentifiedImageError: cannot identify image file 'data\\raw\\images\\5LGBSHW0.jpg'
EEI0AHWN.jpg,UnidentifiedImageError: cannot identify image file 'data\\raw\\images\\EEI0AHWN.jpg'
78I8106J.jpg,UnidentifiedImageError: cannot identify image file 'data\\raw\\images\\78I8106J.jpg'
IF0QH67N.jpg,UnidentifiedImageError: cannot identify image file 'data\\raw\\images\\IF0QH67N.jpg'
08IH0D6Z.jpg,UnidentifiedImageError: cannot identify image file 'data\\raw\\images\\08IH0D6Z.jpg'
KLDHI8WB.jpg,UnidentifiedImageError: cannot identify image file 'data\\raw\\images\\KLDHI8WB.jpg'
CW92DZ0W.jpg,UnidentifiedImageError: cannot identify image file 'data\\raw\\images\\CW92DZ0W.jpg'
OO6O16Z6.jpg,UnidentifiedImageError: cannot identify image file 'data\\raw\\images\\OO6O16Z6.jpg'
J9T4C8SU.jpg,UnidentifiedImageError: cannot identify image file 'data\\raw\\images\\J9T4C8SU.jpg'
0OUGII3I.jpg,UnidentifiedImageError: cannot identify image file 'data\\raw\\images\\0OUGII3I.jpg'
JEWZ9JYM.jpg,UnidentifiedImageError: cannot identify image file 'data\\raw\\images\\JEWZ9JYM.jpg'
U1VT2ZHF.jpg,UnidentifiedImageError: cannot identify image file 'data\\raw\\images\\U1VT2ZHF.jpg'
9AWV0P4B.jpg,UnidentifiedImageError: cannot identify image file 'data\\raw\\images\\9AWV0P4B.jpg'
X39AU7LN.jpg,UnidentifiedImageError: cannot identify image file 'data\\raw\\images\\X39AU7LN.jpg'
8CP32HT4.jpg,UnidentifiedImageError: cannot identify image file 'data\\raw\\images\\8CP32HT4.jpg'
YS69K7YQ.jpg,UnidentifiedImageError: cannot identify image file 'data\\raw\\images\\YS69K7YQ.jpg'
JE2AX8YJ.jpg,UnidentifiedImageError: cannot identify image file 'data\\raw\\images\\JE2AX8YJ.jpg'
UV7CYFR0.jpg,UnidentifiedImageError: cannot identify image file 'data\\raw\\images\\UV7CYFR0.jpg'
OLHPC4ZH.jpg,UnidentifiedImageError: cannot identify image file 'data\\raw\\images\\OLHPC4ZH.jpg'
3K6Z8FQE.jpg,UnidentifiedImageError: cannot identify image file 'data\\raw\\images\\3K6Z8FQE.jpg'
YJ8XJBIL.jpg,UnidentifiedImageError: cannot identify image file 'data\\raw\\images\\YJ8XJBIL.jpg'
DXMOFW3X.jpg,UnidentifiedImageError: cannot identify image file 'data\\raw\\images\\DXMOFW3X.jpg'
WB9LB7BP.jpg,UnidentifiedImageError: cannot identify image file 'data\\raw\\images\\WB9LB7BP.jpg'
HQBANDPJ.jpg,UnidentifiedImageError: cannot identify image file 'data\\raw\\images\\HQBANDPJ.jpg'
QJ6DXXKA.jpg,UnidentifiedImageError: cannot identify image file 'data\\raw\\images\\QJ6DXXKA.jpg'
9NOE4FIV.jpg,UnidentifiedImageError: cannot identify image file 'data\\raw\\images\\9NOE4FIV.jpg'
ZGS4XILT.jpg,UnidentifiedImageError: cannot identify image file 'data\\raw\\images\\ZGS4XILT.jpg'
F1U1Z57U.jpg,UnidentifiedImageError: cannot identify image file 'data\\raw\\images\\F1U1Z57U.jpg'
CY8FUBR2.jpg,UnidentifiedImageError: cannot identify image file 'data\\raw\\images\\CY8FUBR2.jpg'
R5U6G1MH.jpg,UnidentifiedImageError: cannot identify image file 'data\\raw\\images\\R5U6G1MH.jpg'
MQPDEQGJ.jpg,UnidentifiedImageError: cannot identify image file 'data\\raw\\images\\MQPDEQGJ.jpg'
QXIR8EL6.jpg,UnidentifiedImageError: cannot identify image file 'data\\raw\\images\\QXIR8EL6.jpg'
KXXJWFRW.jpg,UnidentifiedImageError: cannot identify image file 'data\\raw\\images\\KXXJWFRW.jpg'
L2ZQJOUU.jpg,UnidentifiedImageError: cannot identify image file 'data\\raw\\images\\L2ZQJOUU.jpg'
UJMXZ2ZB.jpg,UnidentifiedImageError: cannot identify image file 'data\\raw\\images\\UJMXZ2ZB.jpg'
15PRMT2K.jpg,UnidentifiedImageError: cannot identify image file 'data\\raw\\images\\15PRMT2K.jpg'
UVPLWWTT.jpg,UnidentifiedImageError: cannot identify image file 'data\\raw\\images\\UVPLWWTT.jpg'
WYS02DX5.jpg,UnidentifiedImageError: cannot identify image file 'data\\raw\\images\\WYS02DX5.jpg'
3K50JTA7.jpg,UnidentifiedImageError: cannot identify image file 'data\\raw\\images\\3K50JTA7.jpg'
6B44FFB0.jpg,UnidentifiedImageError: cannot identify image file 'data\\raw\\images\\6B44FFB0.jpg'
QDUO3MM2.jpg,UnidentifiedImageError: cannot identify image file 'data\\raw\\images\\QDUO3MM2.jpg'
Y0COZACH.jpg,UnidentifiedImageError: cannot identify image file 'data\\raw\\images\\Y0COZACH.jpg'
C64FRW4Q.jpg,UnidentifiedImageError: cannot identify image file 'data\\raw\\images\\C64FRW4Q.jpg'
YK9FC39S.jpg,UnidentifiedImageError: cannot identify image file 'data\\raw\\images\\YK9FC39S.jpg'
VA9LSJBB.jpg,UnidentifiedImageError: cannot identify image file 'data\\raw\\images\\VA9LSJBB.jpg'
96PJHA53.jpg,UnidentifiedImageError: cannot identify image file 'data\\raw\\images\\96PJHA53.jpg'
Y1VELA16.jpg,UnidentifiedImageError: cannot identify image file 'data\\raw\\images\\Y1VELA16.jpg'
XJELGOCI.jpg,UnidentifiedImageError: cannot identify image file 'data\\raw\\images\\XJELGOCI.jpg'
2FH0F19F.jpg,UnidentifiedImageError: cannot identify image file 'data\\raw\\images\\2FH0F19F.jpg'
T764AKQC.jpg,UnidentifiedImageError: cannot identify image file 'data\\raw\\images\\T764AKQC.jpg'
5F1NCL1L.jpg,UnidentifiedImageError: cannot identify image file 'data\\raw\\images\\5F1NCL1L.jpg'
VL3K1YFC.jpg,UnidentifiedImageError: cannot identify image file 'data\\raw\\images\\VL3K1YFC.jpg'
2W8GJ4F9.jpg,UnidentifiedImageError: cannot identify image file 'data\\raw\\images\\2W8GJ4F9.jpg'
HLFJMSEC.jpg,UnidentifiedImageError: cannot identify image file 'data\\raw\\images\\HLFJMSEC.jpg'
65UV52M1.jpg,UnidentifiedImageError: cannot identify image file 'data\\raw\\images\\65UV52M1.jpg'
6LE1S71H.jpg,UnidentifiedImageError: cannot identify image file 'data\\raw\\images\\6LE1S71H.jpg'
ULAMOX38.jpg,UnidentifiedImageError: cannot identify image file 'data\\raw\\images\\ULAMOX38.jpg'
KLGTLKDU.jpg,UnidentifiedImageError: cannot identify image file 'data\\raw\\images\\KLGTLKDU.jpg'
MLJBMZFB.jpg,UnidentifiedImageError: cannot identify image file 'data\\raw\\images\\MLJBMZFB.jpg'
GYGW9427.jpg,UnidentifiedImageError: cannot identify image file 'data\\raw\\images\\GYGW9427.jpg'
XPL2NOT0.jpg,UnidentifiedImageError: cannot identify image file 'data\\raw\\images\\XPL2NOT0.jpg'
UGR4RXXK.jpg,UnidentifiedImageError: cannot identify image file 'data\\raw\\images\\UGR4RXXK.jpg'
M2D8615H.jpg,UnidentifiedImageError: cannot identify image file 'data\\raw\\images\\M2D8615H.jpg'
TYE1V04F.jpg,UnidentifiedImageError: cannot identify image file 'data\\raw\\images\\TYE1V04F.jpg'
2HNSLWWW.jpg,UnidentifiedImageError: cannot identify image file 'data\\raw\\images\\2HNSLWWW.jpg'
K5YDMTPL.jpg,UnidentifiedImageError: cannot identify image file 'data\\raw\\images\\K5YDMTPL.jpg'
NKEH2ZW3.jpg,UnidentifiedImageError: cannot identify image file 'data\\raw\\images\\NKEH2ZW3.jpg'
OEJS5COV.jpg,UnidentifiedImageError: cannot identify image file 'data\\raw\\images\\OEJS5COV.jpg'
MPADMDMJ.jpg,UnidentifiedImageError: cannot identify image file 'data\\raw\\images\\MPADMDMJ.jpg'
71Z6YYFB.jpg,UnidentifiedImageError: cannot identify image file 'data\\raw\\images\\71Z6YYFB.jpg'
WIPPOSFF.jpg,UnidentifiedImageError: cannot identify image file 'data\\raw\\images\\WIPPOSFF.jpg'
O8LLFUV5.jpg,UnidentifiedImageError: cannot identify image file 'data\\raw\\images\\O8LLFUV5.jpg'
DW3BSPCQ.jpg,UnidentifiedImageError: cannot identify image file 'data\\raw\\images\\DW3BSPCQ.jpg'
OT5AAJHI.jpg,UnidentifiedImageError: cannot identify image file 'data\\raw\\images\\OT5AAJHI.jpg'
D9YNDFYN.jpg,UnidentifiedImageError: cannot identify image file 'data\\raw\\images\\D9YNDFYN.jpg'
55JTIT5P.jpg,UnidentifiedImageError: cannot identify image file 'data\\raw\\images\\55JTIT5P.jpg'
DC6KSPQD.jpg,UnidentifiedImageError: cannot identify image file 'data\\raw\\images\\DC6KSPQD.jpg'
3A27OKQP.jpg,UnidentifiedImageError: cannot identify image file 'data\\raw\\images\\3A27OKQP.jpg'
GFQVG032.jpg,UnidentifiedImageError: cannot identify image file 'data\\raw\\images\\GFQVG032.jpg'
4GGUPE5W.jpg,UnidentifiedImageError: cannot identify image file 'data\\raw\\images\\4GGUPE5W.jpg'
9LMLYOE7.jpg,UnidentifiedImageError: cannot identify image file 'data\\raw\\images\\9LMLYOE7.jpg'
X4U2T1SX.jpg,UnidentifiedImageError: cannot identify image file 'data\\raw\\images\\X4U2T1SX.jpg'
M1F1O3UL.jpg,UnidentifiedImageError: cannot identify image file 'data\\raw\\images\\M1F1O3UL.jpg'
PV9XS0JT.jpg,UnidentifiedImageError: cannot identify image file 'data\\raw\\images\\PV9XS0JT.jpg'
P2DKT7XH.jpg,UnidentifiedImageError: cannot identify image file 'data\\raw\\images\\P2DKT7XH.jpg'
H5X2Z3XJ.jpg,UnidentifiedImageError: cannot identify image file 'data\\raw\\images\\H5X2Z3XJ.jpg'
MSE4C0F9.jpg,UnidentifiedImageError: cannot identify image file 'data\\raw\\images\\MSE4C0F9.jpg'
3PERCP18.jpg,UnidentifiedImageError: cannot identify image file 'data\\raw\\images\\3PERCP18.jpg'
FDD4XF9F.jpg,UnidentifiedImageError: cannot identify image file 'data\\raw\\images\\FDD4XF9F.jpg'
4I7JZ4CU.jpg,UnidentifiedImageError: cannot identify image file 'data\\raw\\images\\4I7JZ4CU.jpg'
9CLCVI9A.jpg,UnidentifiedImageError: cannot identify image file 'data\\raw\\images\\9CLCVI9A.jpg'
Y1JTFE17.jpg,UnidentifiedImageError: cannot identify image file 'data\\raw\\images\\Y1JTFE17.jpg'
AURYJ1ID.jpg,UnidentifiedImageError: cannot identify image file 'data\\raw\\images\\AURYJ1ID.jpg'
XXHVGT0J.jpg,UnidentifiedImageError: cannot identify image file 'data\\raw\\images\\XXHVGT0J.jpg'
1CK2ANAS.jpg,UnidentifiedImageError: cannot identify image file 'data\\raw\\images\\1CK2ANAS.jpg'
WNLP0YRQ.jpg,UnidentifiedImageError: cannot identify image file 'data\\raw\\images\\WNLP0YRQ.jpg'
8Q86Q4T3.jpg,UnidentifiedImageError: cannot identify image file 'data\\raw\\images\\8Q86Q4T3.jpg'
TQCMPD4L.jpg,UnidentifiedImageError: cannot identify image file 'data\\raw\\images\\TQCMPD4L.jpg'
69G1JTCW.jpg,UnidentifiedImageError: cannot identify image file 'data\\raw\\images\\69G1JTCW.jpg'
P9FI38H1.jpg,UnidentifiedImageError: cannot identify image file 'data\\raw\\images\\P9FI38H1.jpg'
RABRCBST.jpg,UnidentifiedImageError: cannot identify image file 'data\\raw\\images\\RABRCBST.jpg'
9E3JVTNC.jpg,UnidentifiedImageError: cannot identify image file 'data\\raw\\images\\9E3JVTNC.jpg'
T4IK8583.jpg,UnidentifiedImageError: cannot identify image file 'data\\raw\\images\\T4IK8583.jpg'
K3EG9URH.jpg,UnidentifiedImageError: cannot identify image file 'data\\raw\\images\\K3EG9URH.jpg'
SLEA554O.jpg,UnidentifiedImageError: cannot identify image file 'data\\raw\\images\\SLEA554O.jpg'
DVY3DF5V.jpg,UnidentifiedImageError: cannot identify image file 'data\\raw\\images\\DVY3DF5V.jpg'
DA1H4T2Z.jpg,UnidentifiedImageError: cannot identify image file 'data\\raw\\images\\DA1H4T2Z.jpg'
I5NG824C.jpg,UnidentifiedImageError: cannot identify image file 'data\\raw\\images\\I5NG824C.jpg'
J6GGN7UU.jpg,UnidentifiedImageError: cannot identify image file 'data\\raw\\images\\J6GGN7UU.jpg'
CO1DFJ7Z.jpg,UnidentifiedImageError: cannot identify image file 'data\\raw\\images\\CO1DFJ7Z.jpg'
M4J0RSTY.jpg,UnidentifiedImageError: cannot identify image file 'data\\raw\\images\\M4J0RSTY.jpg'
42R2JU89.jpg,UnidentifiedImageError: cannot identify image file 'data\\raw\\images\\42R2JU89.jpg'
4GE5RJDF.jpg,UnidentifiedImageError: cannot identify image file 'data\\raw\\images\\4GE5RJDF.jpg'
Y9WYKQ2J.jpg,UnidentifiedImageError: cannot identify image file 'data\\raw\\images\\Y9WYKQ2J.jpg'
F9321PWS.jpg,UnidentifiedImageError: cannot identify image file 'data\\raw\\images\\F9321PWS.jpg'
PF6ALJWD.jpg,UnidentifiedImageError: cannot identify image file 'data\\raw\\images\\PF6ALJWD.jpg'
06F7N1IU.jpg,UnidentifiedImageError: cannot identify image file 'data\\raw\\images\\06F7N1IU.jpg'
LAFX8WM4.jpg,UnidentifiedImageError: cannot identify image file 'data\\raw\\images\\LAFX8WM4.jpg'
FU86BJHQ.jpg,UnidentifiedImageError: cannot identify image file 'data\\raw\\images\\FU86BJHQ.jpg'
WWY804T2.jpg,UnidentifiedImageError: cannot identify image file 'data\\raw\\images\\WWY804T2.jpg'
KJ8ULOY5.jpg,UnidentifiedImageError: cannot identify image file 'data\\raw\\images\\KJ8ULOY5.jpg'
EJ2CMCSZ.jpg,UnidentifiedImageError: cannot identify image file 'data\\raw\\images\\EJ2CMCSZ.jpg'
HWR2BA6T.jpg,UnidentifiedImageError: cannot identify image file 'data\\raw\\images\\HWR2BA6T.jpg'
KHIVADTI.jpg,UnidentifiedImageError: cannot identify image file 'data\\raw\\images\\KHIVADTI.jpg'
OMPIAN2S.jpg,UnidentifiedImageError: cannot identify image file 'data\\raw\\images\\OMPIAN2S.jpg'
1PISI56P.jpg,UnidentifiedImageError: cannot identify image file 'data\\raw\\images\\1PISI56P.jpg'
67FYXUEH.jpg,UnidentifiedImageError: cannot identify image file 'data\\raw\\images\\67FYXUEH.jpg'
PTWTJN0P.jpg,UnidentifiedImageError: cannot identify image file 'data\\raw\\images\\PTWTJN0P.jpg'
BV0NYJTH.jpg,UnidentifiedImageError: cannot identify image file 'data\\raw\\images\\BV0NYJTH.jpg'
QDGLSYH1.jpg,UnidentifiedImageError: cannot identify image file 'data\\raw\\images\\QDGLSYH1.jpg'
S8W4N7S3.jpg,UnidentifiedImageError: cannot identify image file 'data\\raw\\images\\S8W4N7S3.jpg'
HKBLP6T7.jpg,UnidentifiedImageError: cannot identify image file 'data\\raw\\images\\HKBLP6T7.jpg'
XDGYBAVH.jpg,UnidentifiedImageError: cannot identify image file 'data\\raw\\images\\XDGYBAVH.jpg'
Z6EN3QTI.jpg,UnidentifiedImageError: cannot identify image file 'data\\raw\\images\\Z6EN3QTI.jpg'
IJ0TE2TV.jpg,UnidentifiedImageError: cannot identify image file 'data\\raw\\images\\IJ0TE2TV.jpg'
S80U52SN.jpg,UnidentifiedImageError: cannot identify image file 'data\\raw\\images\\S80U52SN.jpg'
JB4BBCKQ.jpg,UnidentifiedImageError: cannot identify image file 'data\\raw\\images\\JB4BBCKQ.jpg'
004FMD9U.jpg,UnidentifiedImageError: cannot identify image file 'data\\raw\\images\\004FMD9U.jpg'
MKA5C5JS.jpg,UnidentifiedImageError: cannot identify image file 'data\\raw\\images\\MKA5C5JS.jpg'
5IH5BW06.jpg,UnidentifiedImageError: cannot identify image file 'data\\raw\\images\\5IH5BW06.jpg'
B50ZX5KS.jpg,UnidentifiedImageError: cannot identify image file 'data\\raw\\images\\B50ZX5KS.jpg'
B47TBVO8.jpg,UnidentifiedImageError: cannot identify image file 'data\\raw\\images\\B47TBVO8.jpg'
MZS4ORI9.jpg,UnidentifiedImageError: cannot identify image file 'data\\raw\\images\\MZS4ORI9.jpg'
0ZCLSOQR.jpg,UnidentifiedImageError: cannot identify image file 'data\\raw\\images\\0ZCLSOQR.jpg'
K4T1HOPB.jpg,UnidentifiedImageError: cannot identify image file 'data\\raw\\images\\K4T1HOPB.jpg'
5IF21L4Z.jpg,UnidentifiedImageError: cannot identify image file 'data\\raw\\images\\5IF21L4Z.jpg'
5MNAGT8K.jpg,UnidentifiedImageError: cannot identify image file 'data\\raw\\images\\5MNAGT8K.jpg'
YCNQ4NH1.jpg,UnidentifiedImageError: cannot identify image file 'data\\raw\\images\\YCNQ4NH1.jpg'
NUNNVV6H.jpg,UnidentifiedImageError: cannot identify image file 'data\\raw\\images\\NUNNVV6H.jpg'
Y3821PGY.jpg,UnidentifiedImageError: cannot identify image file 'data\\raw\\images\\Y3821PGY.jpg'
OHAEQGTJ.jpg,UnidentifiedImageError: cannot identify image file 'data\\raw\\images\\OHAEQGTJ.jpg'
M86M2BER.jpg,UnidentifiedImageError: cannot identify image file 'data\\raw\\images\\M86M2BER.jpg'
V3YN5JXY.jpg,UnidentifiedImageError: cannot identify image file 'data\\raw\\images\\V3YN5JXY.jpg'
3XBMPTLT.jpg,UnidentifiedImageError: cannot identify image file 'data\\raw\\images\\3XBMPTLT.jpg'
GJRA0A0S.jpg,UnidentifiedImageError: cannot identify image file 'data\\raw\\images\\GJRA0A0S.jpg'
8ML3DYSC.jpg,UnidentifiedImageError: cannot identify image file 'data\\raw\\images\\8ML3DYSC.jpg'
O4OEKUKY.jpg,UnidentifiedImageError: cannot identify image file 'data\\raw\\images\\O4OEKUKY.jpg'
J3Y2VX4G.jpg,UnidentifiedImageError: cannot identify image file 'data\\raw\\images\\J3Y2VX4G.jpg'
9OB72QCR.jpg,UnidentifiedImageError: cannot identify image file 'data\\raw\\images\\9OB72QCR.jpg'
BS5UJUXS.jpg,UnidentifiedImageError: cannot identify image file 'data\\raw\\images\\BS5UJUXS.jpg'
RJ3SBI9B.jpg,UnidentifiedImageError: cannot identify image file 'data\\raw\\images\\RJ3SBI9B.jpg'
AO96AJCO.jpg,UnidentifiedImageError: cannot identify image file 'data\\raw\\images\\AO96AJCO.jpg'
4T1B2QF8.jpg,UnidentifiedImageError: cannot identify image file 'data\\raw\\images\\4T1B2QF8.jpg'
RN8RIGCZ.jpg,UnidentifiedImageError: cannot identify image file 'data\\raw\\images\\RN8RIGCZ.jpg'
3OX3AD6R.jpg,UnidentifiedImageError: cannot identify image file 'data\\raw\\images\\3OX3AD6R.jpg'
FR9KUT6Y.jpg,UnidentifiedImageError: cannot identify image file 'data\\raw\\images\\FR9KUT6Y.jpg'
J0C6MNLT.jpg,UnidentifiedImageError: cannot identify image file 'data\\raw\\images\\J0C6MNLT.jpg'
QIJGK4LF.jpg,UnidentifiedImageError: cannot identify image file 'data\\raw\\images\\QIJGK4LF.jpg'
S2IOIS39.jpg,UnidentifiedImageError: cannot identify image file 'data\\raw\\images\\S2IOIS39.jpg'
60553FYM.jpg,UnidentifiedImageError: cannot identify image file 'data\\raw\\images\\60553FYM.jpg'
2JY1XIZK.jpg,UnidentifiedImageError: cannot identify image file 'data\\raw\\images\\2JY1XIZK.jpg'
YBU2L9YQ.jpg,UnidentifiedImageError: cannot identify image file 'data\\raw\\images\\YBU2L9YQ.jpg'
YGOS4GD4.jpg,UnidentifiedImageError: cannot identify image file 'data\\raw\\images\\YGOS4GD4.jpg'
TT4TJ7MF.jpg,UnidentifiedImageError: cannot identify image file 'data\\raw\\images\\TT4TJ7MF.jpg'
DHVNO777.jpg,UnidentifiedImageError: cannot identify image file 'data\\raw\\images\\DHVNO777.jpg'
G8Z9PVJ5.jpg,UnidentifiedImageError: cannot identify image file 'data\\raw\\images\\G8Z9PVJ5.jpg'
EHPFUU77.jpg,UnidentifiedImageError: cannot identify image file 'data\\raw\\images\\EHPFUU77.jpg'
CZMSI6PR.jpg,UnidentifiedImageError: cannot identify image file 'data\\raw\\images\\CZMSI6PR.jpg'
0DZFBZQZ.jpg,UnidentifiedImageError: cannot identify image file 'data\\raw\\images\\0DZFBZQZ.jpg'
BKZ29KED.jpg,UnidentifiedImageError: cannot identify image file 'data\\raw\\images\\BKZ29KED.jpg'
8ZUZT0FY.jpg,UnidentifiedImageError: cannot identify image file 'data\\raw\\images\\8ZUZT0FY.jpg'
8GSGQD13.jpg,UnidentifiedImageError: cannot identify image file 'data\\raw\\images\\8GSGQD13.jpg'
QCDO89RK.jpg,UnidentifiedImageError: cannot identify image file 'data\\raw\\images\\QCDO89RK.jpg'
X1YS3DBY.jpg,UnidentifiedImageError: cannot identify image file 'data\\raw\\images\\X1YS3DBY.jpg'
0PS631DG.jpg,UnidentifiedImageError: cannot identify image file 'data\\raw\\images\\0PS631DG.jpg'
Q31AX5XK.jpg,UnidentifiedImageError: cannot identify image file 'data\\raw\\images\\Q31AX5XK.jpg'
S96GQ5TN.jpg,UnidentifiedImageError: cannot identify image file 'data\\raw\\images\\S96GQ5TN.jpg'
JMD6U6Y7.jpg,UnidentifiedImageError: cannot identify image file 'data\\raw\\images\\JMD6U6Y7.jpg'
9WLB5LUK.jpg,UnidentifiedImageError: cannot identify image file 'data\\raw\\images\\9WLB5LUK.jpg'
G30UNGGP.jpg,UnidentifiedImageError: cannot identify image file 'data\\raw\\images\\G30UNGGP.jpg'
ZNX3TNGF.jpg,UnidentifiedImageError: cannot identify image file 'data\\raw\\images\\ZNX3TNGF.jpg'
IAITBTTV.jpg,UnidentifiedImageError: cannot identify image file 'data\\raw\\images\\IAITBTTV.jpg'
1V6O3IE6.jpg,UnidentifiedImageError: cannot identify image file 'data\\raw\\images\\1V6O3IE6.jpg'
DUWWA41Y.jpg,UnidentifiedImageError: cannot identify image file 'data\\raw\\images\\DUWWA41Y.jpg'
P478ALN6.jpg,UnidentifiedImageError: cannot identify image file 'data\\raw\\images\\P478ALN6.jpg'
BEQH6AO9.jpg,UnidentifiedImageError: cannot identify image file 'data\\raw\\images\\BEQH6AO9.jpg'
CLOOAKSK.jpg,UnidentifiedImageError: cannot identify image file 'data\\raw\\images\\CLOOAKSK.jpg'
9D724ZRO.jpg,UnidentifiedImageError: cannot identify image file 'data\\raw\\images\\9D724ZRO.jpg'
0YGZFV45.jpg,UnidentifiedImageError: cannot identify image file 'data\\raw\\images\\0YGZFV45.jpg'
4U049LNK.jpg,UnidentifiedImageError: cannot identify image file 'data\\raw\\images\\4U049LNK.jpg'
2838AGAR.jpg,UnidentifiedImageError: cannot identify image file 'data\\raw\\images\\2838AGAR.jpg'
2A55UPKV.jpg,UnidentifiedImageError: cannot identify image file 'data\\raw\\images\\2A55UPKV.jpg'
ZK4U59KA.jpg,UnidentifiedImageError: cannot identify image file 'data\\raw\\images\\ZK4U59KA.jpg'
W9KB5A0O.jpg,UnidentifiedImageError: cannot identify image file 'data\\raw\\images\\W9KB5A0O.jpg'
V06SECWP.jpg,UnidentifiedImageError: cannot identify image file 'data\\raw\\images\\V06SECWP.jpg'
0ELV3VQ2.jpg,UnidentifiedImageError: cannot identify image file 'data\\raw\\images\\0ELV3VQ2.jpg'
F7RPXPFA.jpg,UnidentifiedImageError: cannot identify image file 'data\\raw\\images\\F7RPXPFA.jpg'
0K0RTSJT.jpg,UnidentifiedImageError: cannot identify image file 'data\\raw\\images\\0K0RTSJT.jpg'
6VSX8JRO.jpg,UnidentifiedImageError: cannot identify image file 'data\\raw\\images\\6VSX8JRO.jpg'
YCTVUH40.jpg,UnidentifiedImageError: cannot identify image file 'data\\raw\\images\\YCTVUH40.jpg'
34VMBIUB.jpg,UnidentifiedImageError: cannot identify image file 'data\\raw\\images\\34VMBIUB.jpg'
I1D8F76S.jpg,UnidentifiedImageError: cannot identify image file 'data\\raw\\images\\I1D8F76S.jpg'
Y966TPPW.jpg,UnidentifiedImageError: cannot identify image file 'data\\raw\\images\\Y966TPPW.jpg'
LUFTQCNK.jpg,UnidentifiedImageError: cannot identify image file 'data\\raw\\images\\LUFTQCNK.jpg'
U1X92XYF.jpg,UnidentifiedImageError: cannot identify image file 'data\\raw\\images\\U1X92XYF.jpg'
ODUNAOEN.jpg,UnidentifiedImageError: cannot identify image file 'data\\raw\\images\\ODUNAOEN.jpg'
BPY0V7I2.jpg,UnidentifiedImageError: cannot identify image file 'data\\raw\\images\\BPY0V7I2.jpg'
ZX8FX9YO.jpg,UnidentifiedImageError: cannot identify image file 'data\\raw\\images\\ZX8FX9YO.jpg'
7A3O85BK.jpg,UnidentifiedImageError: cannot identify image file 'data\\raw\\images\\7A3O85BK.jpg'
IW6JWMFH.jpg,UnidentifiedImageError: cannot identify image file 'data\\raw\\images\\IW6JWMFH.jpg'
46X11MGN.jpg,UnidentifiedImageError: cannot identify image file 'data\\raw\\images\\46X11MGN.jpg'
G7I6B27I.jpg,UnidentifiedImageError: cannot identify image file 'data\\raw\\images\\G7I6B27I.jpg'
ADD79LU9.jpg,UnidentifiedImageError: cannot identify image file 'data\\raw\\images\\ADD79LU9.jpg'
WOK3R0NH.jpg,UnidentifiedImageError: cannot identify image file 'data\\raw\\images\\WOK3R0NH.jpg'
ZKSKFGS5.jpg,UnidentifiedImageError: cannot identify image file 'data\\raw\\images\\ZKSKFGS5.jpg'
WOEB7NLY.jpg,UnidentifiedImageError: cannot identify image file 'data\\raw\\images\\WOEB7NLY.jpg'
OP81EYB0.jpg,UnidentifiedImageError: cannot identify image file 'data\\raw\\images\\OP81EYB0.jpg'
HAPI70WB.jpg,UnidentifiedImageError: cannot identify image file 'data\\raw\\images\\HAPI70WB.jpg'
M9ZU4ZM9.jpg,UnidentifiedImageError: cannot identify image file 'data\\raw\\images\\M9ZU4ZM9.jpg'
8X2VLFKY.jpg,UnidentifiedImageError: cannot identify image file 'data\\raw\\images\\8X2VLFKY.jpg'
GP5C7ICC.jpg,UnidentifiedImageError: cannot identify image file 'data\\raw\\images\\GP5C7ICC.jpg'
4M5V1G0A.jpg,UnidentifiedImageError: cannot identify image file 'data\\raw\\images\\4M5V1G0A.jpg'
0X8WOWFN.jpg,UnidentifiedImageError: cannot identify image file 'data\\raw\\images\\0X8WOWFN.jpg'
MSNMIHCT.jpg,UnidentifiedImageError: cannot identify image file 'data\\raw\\images\\MSNMIHCT.jpg'
UVB8WDGA.jpg,UnidentifiedImageError: cannot identify image file 'data\\raw\\images\\UVB8WDGA.jpg'
7CC9OTD7.jpg,UnidentifiedImageError: cannot identify image file 'data\\raw\\images\\7CC9OTD7.jpg'
4CLBNESJ.jpg,UnidentifiedImageError: cannot identify image file 'data\\raw\\images\\4CLBNESJ.jpg'
045JQX96.jpg,UnidentifiedImageError: cannot identify image file 'data\\raw\\images\\045JQX96.jpg'
S0B2CII6.jpg,UnidentifiedImageError: cannot identify image file 'data\\raw\\images\\S0B2CII6.jpg'
B2Q116D2.jpg,UnidentifiedImageError: cannot identify image file 'data\\raw\\images\\B2Q116D2.jpg'
CXMGGEUH.jpg,UnidentifiedImageError: cannot identify image file 'data\\raw\\images\\CXMGGEUH.jpg'
04JILGQO.jpg,UnidentifiedImageError: cannot identify image file 'data\\raw\\images\\04JILGQO.jpg'
ULBWLC8T.jpg,UnidentifiedImageError: cannot identify image file 'data\\raw\\images\\ULBWLC8T.jpg'
4OTMHE1Y.jpg,UnidentifiedImageError: cannot identify image file 'data\\raw\\images\\4OTMHE1Y.jpg'
XOI5I4SO.jpg,UnidentifiedImageError: cannot identify image file 'data\\raw\\images\\XOI5I4SO.jpg'
OLJIXBQR.jpg,UnidentifiedImageError: cannot identify image file 'data\\raw\\images\\OLJIXBQR.jpg'
KEUFSB9O.jpg,UnidentifiedImageError: cannot identify image file 'data\\raw\\images\\KEUFSB9O.jpg'
CO170J3Q.jpg,UnidentifiedImageError: cannot identify image file 'data\\raw\\images\\CO170J3Q.jpg'
JJEBVRW6.jpg,UnidentifiedImageError: cannot identify image file 'data\\raw\\images\\JJEBVRW6.jpg'
466I9BEA.jpg,UnidentifiedImageError: cannot identify image file 'data\\raw\\images\\466I9BEA.jpg'
VIFXQA19.jpg,UnidentifiedImageError: cannot identify image file 'data\\raw\\images\\VIFXQA19.jpg'
Q4R6INRH.jpg,UnidentifiedImageError: cannot identify image file 'data\\raw\\images\\Q4R6INRH.jpg'
ANAT71BC.jpg,UnidentifiedImageError: cannot identify image file 'data\\raw\\images\\ANAT71BC.jpg'
88YXTFJS.jpg,UnidentifiedImageError: cannot identify image file 'data\\raw\\images\\88YXTFJS.jpg'
M2KCPYG6.jpg,UnidentifiedImageError: cannot identify image file 'data\\raw\\images\\M2KCPYG6.jpg'
3DD39JY2.jpg,UnidentifiedImageError: cannot identify image file 'data\\raw\\images\\3DD39JY2.jpg'
2YKBYRVR.jpg,UnidentifiedImageError: cannot identify image file 'data\\raw\\images\\2YKBYRVR.jpg'
YJ1EBR6I.jpg,UnidentifiedImageError: cannot identify image file 'data\\raw\\images\\YJ1EBR6I.jpg'
6Z2LTD69.jpg,UnidentifiedImageError: cannot identify image file 'data\\raw\\images\\6Z2LTD69.jpg'
FUSWMCHK.jpg,UnidentifiedImageError: cannot identify image file 'data\\raw\\images\\FUSWMCHK.jpg'
7JFROPDI.jpg,UnidentifiedImageError: cannot identify image file 'data\\raw\\images\\7JFROPDI.jpg'
W0VCZI8X.jpg,UnidentifiedImageError: cannot identify image file 'data\\raw\\images\\W0VCZI8X.jpg'
A2WOOSEE.jpg,UnidentifiedImageError: cannot identify image file 'data\\raw\\images\\A2WOOSEE.jpg'
0THCF6M7.jpg,UnidentifiedImageError: cannot identify image file 'data\\raw\\images\\0THCF6M7.jpg'
FKQJF9HR.jpg,UnidentifiedImageError: cannot identify image file 'data\\raw\\images\\FKQJF9HR.jpg'
H7YSQBDO.jpg,UnidentifiedImageError: cannot identify image file 'data\\raw\\images\\H7YSQBDO.jpg'
RLFLAQTE.jpg,UnidentifiedImageError: cannot identify image file 'data\\raw\\images\\RLFLAQTE.jpg'
C8MHTQSP.jpg,UnidentifiedImageError: cannot identify image file 'data\\raw\\images\\C8MHTQSP.jpg'
J933W2ST.jpg,UnidentifiedImageError: cannot identify image file 'data\\raw\\images\\J933W2ST.jpg'
PC0UWI34.jpg,UnidentifiedImageError: cannot identify image file 'data\\raw\\images\\PC0UWI34.jpg'
ZW0GHGUY.jpg,UnidentifiedImageError: cannot identify image file 'data\\raw\\images\\ZW0GHGUY.jpg'
6D8R8T5W.jpg,UnidentifiedImageError: cannot identify image file 'data\\raw\\images\\6D8R8T5W.jpg'
WK1ODFII.jpg,UnidentifiedImageError: cannot identify image file 'data\\raw\\images\\WK1ODFII.jpg'
XKQS7564.jpg,UnidentifiedImageError: cannot identify image file 'data\\raw\\images\\XKQS7564.jpg'
1VW1X8PO.jpg,UnidentifiedImageError: cannot identify image file 'data\\raw\\images\\1VW1X8PO.jpg'
F85PNHK3.jpg,UnidentifiedImageError: cannot identify image file 'data\\raw\\images\\F85PNHK3.jpg'
09FJ8BUZ.jpg,UnidentifiedImageError: cannot identify image file 'data\\raw\\images\\09FJ8BUZ.jpg'
JMG4EBGU.jpg,UnidentifiedImageError: cannot identify image file 'data\\raw\\images\\JMG4EBGU.jpg'
SU2YUXA4.jpg,UnidentifiedImageError: cannot identify image file 'data\\raw\\images\\SU2YUXA4.jpg'
AMVV1L5B.jpg,UnidentifiedImageError: cannot identify image file 'data\\raw\\images\\AMVV1L5B.jpg'
A9FGK4P6.jpg,UnidentifiedImageError: cannot identify image file 'data\\raw\\images\\A9FGK4P6.jpg'
FVTE43YD.jpg,UnidentifiedImageError: cannot identify image file 'data\\raw\\images\\FVTE43YD.jpg'
N7MBNY7I.jpg,UnidentifiedImageError: cannot identify image file 'data\\raw\\images\\N7MBNY7I.jpg'
318DEKIA.jpg,UnidentifiedImageError: cannot identify image file 'data\\raw\\images\\318DEKIA.jpg'
45C51JZ4.jpg,UnidentifiedImageError: cannot identify image file 'data\\raw\\images\\45C51JZ4.jpg'
50XIRFOG.jpg,UnidentifiedImageError: cannot identify image file 'data\\raw\\images\\50XIRFOG.jpg'
1MZKI0QL.jpg,UnidentifiedImageError: cannot identify image file 'data\\raw\\images\\1MZKI0QL.jpg'
XWBVM4S5.jpg,UnidentifiedImageError: cannot identify image file 'data\\raw\\images\\XWBVM4S5.jpg'
9DMPHO3B.jpg,UnidentifiedImageError: cannot identify image file 'data\\raw\\images\\9DMPHO3B.jpg'
LKP2G7M6.jpg,UnidentifiedImageError: cannot identify image file 'data\\raw\\images\\LKP2G7M6.jpg'
WM6Y8JA9.jpg,UnidentifiedImageError: cannot identify image file 'data\\raw\\images\\WM6Y8JA9.jpg'
RZRXY0ZI.jpg,UnidentifiedImageError: cannot identify image file 'data\\raw\\images\\RZRXY0ZI.jpg'
5QPLOFTJ.jpg,UnidentifiedImageError: cannot identify image file 'data\\raw\\images\\5QPLOFTJ.jpg'
EC36AUO6.jpg,UnidentifiedImageError: cannot identify image file 'data\\raw\\images\\EC36AUO6.jpg'
MORI8HBV.jpg,UnidentifiedImageError: cannot identify image file 'data\\raw\\images\\MORI8HBV.jpg'
3JI8FBPS.jpg,UnidentifiedImageError: cannot identify image file 'data\\raw\\images\\3JI8FBPS.jpg'
BUU3VDUG.jpg,UnidentifiedImageError: cannot identify image file 'data\\raw\\images\\BUU3VDUG.jpg'
OSCL0KH5.jpg,UnidentifiedImageError: cannot identify image file 'data\\raw\\images\\OSCL0KH5.jpg'
T087ZQYP.jpg,UnidentifiedImageError: cannot identify image file 'data\\raw\\images\\T087ZQYP.jpg'
PPGZXCWH.jpg,UnidentifiedImageError: cannot identify image file 'data\\raw\\images\\PPGZXCWH.jpg'
K0C8M2TN.jpg,UnidentifiedImageError: cannot identify image file 'data\\raw\\images\\K0C8M2TN.jpg'
SJEVYOM7.jpg,UnidentifiedImageError: cannot identify image file 'data\\raw\\images\\SJEVYOM7.jpg'
T8IWANLW.jpg,UnidentifiedImageError: cannot identify image file 'data\\raw\\images\\T8IWANLW.jpg'
OP2666SJ.jpg,UnidentifiedImageError: cannot identify image file 'data\\raw\\images\\OP2666SJ.jpg'
OU2CWDQL.jpg,UnidentifiedImageError: cannot identify image file 'data\\raw\\images\\OU2CWDQL.jpg'
0GGGD8D5.jpg,UnidentifiedImageError: cannot identify image file 'data\\raw\\images\\0GGGD8D5.jpg'
