filename,status,frames_saved,total_frames_decoded
TyEpk1-LxtY.webm_9.mp4,OK,16,198
b1l61LFUUAQ.webm_7.mp4,OK,16,114
uaKXU_zuRGM.webm_24.mp4,OK,16,87
TzxTr3o3qzY.webm_61.mp4,OK,16,83
FHlxw98mcec.mkv_57.mp4,OK,16,119
BJ5YQFt9ab0.webm_11.mp4,OK,16,91
kPJ6T3DrUaM.webm_6.mp4,OK,16,57
qiGhCbwdS04.webm_3.mp4,OK,16,96
FHlxw98mcec.mkv_15.mp4,OK,16,109
D1m2Z4_-XA4.webm_21.mp4,OK,16,178
FopBvLLXKZ0.webm_50.mp4,OK,16,93
FQIx05cdYCM.webm_16.mp4,OK,16,98
ArXf6X_0-ww.webm_34.mp4,OK,16,89
02P6SAFU7mo.webm_21.mp4,OK,16,48
FHlxw98mcec.mkv_45.mp4,OK,16,104
e1SGHR4g3ac.webm_26.mp4,OK,16,51
QgRY22rz7m8.webm_36.mp4,OK,16,134
3LDJxHWtFUI.webm_41.mp4,OK,16,78
S-uESuiOD4I.webm_78.mp4,OK,16,112
02P6SAFU7mo.webm_40.mp4,OK,16,70
jobrPfuFBC0.webm_23.mp4,OK,16,90
pinmv_PU7uI.webm_27.mp4,OK,16,108
u35WIs62R2M.webm_68.mp4,OK,16,142
CbA1HWWgTbY.webm_39.mp4,OK,16,186
ldyYlLCjATw.webm_59.mp4,OK,16,62
fgeBZVy5Nfg.mkv_58.mp4,OK,16,70
fSr_nfsdlRg.webm_6.mp4,OK,16,161
uaKXU_zuRGM.webm_23.mp4,OK,16,103
wODFuP0rx-U.webm_22.mp4,OK,16,81
5FUEltKsVJQ.webm_69.mp4,OK,16,78
mXZTccXRuwE.webm_65.mp4,OK,16,167
jobrPfuFBC0.webm_28.mp4,OK,16,151
UKCOdrLG3Z8.mkv_28.mp4,OK,16,157
X3jEllCzECc.mkv_55.mp4,OK,16,98
neQEUASHiXo.webm_95.mp4,OK,16,199
o-gdQgNKyzQ.webm_81.mp4,OK,16,107
0IRTpb1y8b0.webm_76.mp4,OK,16,234
mLtlWuXKd-A.webm_19.mp4,OK,16,138
w1lLQrWq0rQ.webm_31.mp4,OK,16,89
0LCrNFZH8es.webm_99.mp4,OK,16,52
MbZzcu8-SbI.webm_3.mp4,OK,16,202
-7bJwW2NYyc.webm_157.mp4,OK,16,175
rUZ8okSnE4k.mkv_21.mp4,OK,16,187
o-gdQgNKyzQ.webm_28.mp4,OK,16,52
8KNYC9Kw4W0.webm_21.mp4,OK,16,228
TzfXDnHifeM.webm_68.mp4,OK,16,110
mXZTccXRuwE.webm_51.mp4,OK,16,85
NzfC0j8GU_w.webm_14.mp4,OK,16,275
5ClsAp49w3c.webm_34.mp4,OK,16,84
u35WIs62R2M.webm_168.mp4,OK,16,83
qiGhCbwdS04.webm_5.mp4,OK,16,140
MnvpmaUfGNw.webm_2.mp4,OK,16,70
mLtlWuXKd-A.webm_44.mp4,OK,16,142
AXjIqts6lNw.webm_75.mp4,OK,16,54
L85T-a6JUUw.mp4_54.mp4,OK,16,115
SbozyYNrWmc.mkv_9.mp4,OK,16,57
zqEpG0eT1LM.webm_32.mp4,OK,16,137
0IRTpb1y8b0.webm_17.mp4,OK,16,144
EzJpOmQTMbY.webm_19.mp4,OK,16,273
L-L23XzHX9w.webm_73.mp4,OK,16,60
0IRTpb1y8b0.webm_37.mp4,OK,16,87
BYUSpyONQ0A.webm_28.mp4,OK,16,60
t0SkV41lK0c.webm_20.mp4,OK,16,182
e1SGHR4g3ac.webm_25.mp4,OK,16,161
02P6SAFU7mo.webm_61.mp4,OK,16,57
kPJ6T3DrUaM.webm_21.mp4,OK,16,116
SbozyYNrWmc.mkv_1.mp4,OK,16,126
gYRCUP7zFZk.mkv_28.mp4,OK,16,66
DnLc7wp-l6M.webm_32.mp4,OK,16,184
qt3mWFxfuEk.webm_34.mp4,OK,16,106
pPW07cI2bzs.webm_18.mp4,OK,16,65
qiGhCbwdS04.webm_19.mp4,OK,16,94
WhodXqmJuvA.webm_4.mp4,OK,16,129
SbozyYNrWmc.mkv_23.mp4,OK,16,91
ArXf6X_0-ww.webm_57.mp4,OK,16,263
rUZ8okSnE4k.mkv_27.mp4,OK,16,103
fSr_nfsdlRg.webm_66.mp4,DECODE_FAILED,0,0
-7bJwW2NYyc.webm_89.mp4,OK,16,130
-YVsVvsABOQ.webm_18.mp4,OK,16,209
jobrPfuFBC0.webm_14.mp4,OK,16,211
KiCZbqPTD-I.webm_18.mp4,OK,16,168
5FUEltKsVJQ.webm_86.mp4,OK,16,58
f2Y5n4R6DGk.mkv_55.mp4,OK,16,90
B-tEt_VaN0U.webm_10.mp4,OK,16,129
mgju_uBZHic.webm_81.mp4,OK,16,239
3NZyvpYYj3o.webm_6.mp4,OK,16,62
W3kMY91sKpQ.webm_31.mp4,OK,16,78
haBSdCCFc2I.webm_96.mp4,OK,16,170
J7RW7WNzh0w.webm_33.mp4,OK,16,263
3NZyvpYYj3o.webm_29.mp4,OK,16,202
zqEpG0eT1LM.webm_45.mp4,OK,16,75
SkfWDQEm2II.webm_33.mp4,OK,16,71
qiGhCbwdS04.webm_85.mp4,OK,16,100
-YVsVvsABOQ.webm_19.mp4,OK,16,133
BYUSpyONQ0A.webm_17.mp4,OK,16,125
e1SGHR4g3ac.webm_35.mp4,OK,16,222
e1SGHR4g3ac.webm_52.mp4,OK,16,100
L85T-a6JUUw.mp4_24.mp4,OK,16,234
TzfXDnHifeM.webm_67.mp4,OK,16,85
0LCrNFZH8es.webm_32.mp4,OK,16,171
w1lLQrWq0rQ.webm_80.mp4,OK,16,175
MnvpmaUfGNw.webm_15.mp4,OK,16,133
hZyzCFdTC5s.webm_25.mp4,OK,16,273
IX5tw_9BxKs.webm_104.mp4,OK,16,169
QDQnYLWJBcw.webm_7.mp4,OK,16,283
mXZTccXRuwE.webm_16.mp4,OK,16,127
-YVsVvsABOQ.webm_2.mp4,OK,16,172
KMxH3Dc89ts.webm_0.mp4,OK,16,225
WhodXqmJuvA.webm_19.mp4,OK,16,207
Oa4QcdNsqUE.webm_29.mp4,OK,16,104
IX5tw_9BxKs.webm_43.mp4,OK,16,117
0LCrNFZH8es.webm_4.mp4,OK,16,217
VR7uvOTdWLw.webm_70.mp4,OK,16,82
L85T-a6JUUw.mp4_49.mp4,OK,16,137
SX2vYvhMAqc.webm_37.mp4,OK,16,223
02P6SAFU7mo.webm_69.mp4,OK,16,93
SbozyYNrWmc.mkv_14.mp4,OK,16,183
pPW07cI2bzs.webm_54.mp4,OK,16,64
Y8Soomh9owk.webm_47.mp4,OK,16,87
IX5tw_9BxKs.webm_103.mp4,OK,16,155
S-uESuiOD4I.webm_71.mp4,OK,16,50
4rE_ToGWcdU.webm_16.mp4,OK,16,243
VR7uvOTdWLw.webm_6.mp4,OK,16,270
KiCZbqPTD-I.webm_17.mp4,OK,16,196
xHZEn3ER9RA.webm_57.mp4,OK,16,161
jobrPfuFBC0.webm_49.mp4,OK,16,323
02P6SAFU7mo.webm_73.mp4,DECODE_FAILED,0,0
F_T5mtz0kaI.webm_13.mp4,OK,16,79
-FGVJS3rT80.webm_18.mp4,OK,16,170
TzfXDnHifeM.webm_2.mp4,OK,16,71
haBSdCCFc2I.webm_71.mp4,OK,16,128
eSw1yplMFps.webm_34.mp4,OK,16,169
L85T-a6JUUw.mp4_29.mp4,OK,16,114
El35ADTlcF0.webm_16.mp4,OK,16,210
pPW07cI2bzs.webm_92.mp4,OK,16,175
BJ5YQFt9ab0.webm_103.mp4,OK,16,59
ArXf6X_0-ww.webm_9.mp4,OK,16,128
L85T-a6JUUw.mp4_33.mp4,OK,16,158
fSr_nfsdlRg.webm_33.mp4,OK,16,157
CbA1HWWgTbY.webm_23.mp4,DECODE_FAILED,0,0
ldyYlLCjATw.webm_47.mp4,OK,16,125
CbA1HWWgTbY.webm_17.mp4,OK,16,84
-YVsVvsABOQ.webm_3.mp4,OK,16,255
SX2vYvhMAqc.webm_23.mp4,OK,16,173
S-uESuiOD4I.webm_83.mp4,OK,16,72
mXZTccXRuwE.webm_48.mp4,OK,16,168
6VNL2NdYvFQ.webm_82.mp4,OK,16,152
neQEUASHiXo.webm_30.mp4,OK,16,169
L-L23XzHX9w.webm_29.mp4,OK,16,120
KMxH3Dc89ts.webm_42.mp4,OK,16,99
02P6SAFU7mo.webm_54.mp4,OK,16,157
L85T-a6JUUw.mp4_23.mp4,OK,16,377
X3jEllCzECc.mkv_38.mp4,OK,16,203
_Z2xaWg2yag.mkv_41.mp4,OK,16,71
BJ5YQFt9ab0.webm_108.mp4,OK,16,121
KiCZbqPTD-I.webm_6.mp4,OK,16,244
haBSdCCFc2I.webm_91.mp4,OK,16,138
F_T5mtz0kaI.webm_17.mp4,OK,16,127
kPJ6T3DrUaM.webm_11.mp4,OK,16,191
TzfXDnHifeM.webm_45.mp4,OK,16,113
5X5i4qN6M88.webm_10.mp4,OK,16,306
QgRY22rz7m8.webm_25.mp4,OK,16,166
DJqkat66RG4.mkv_18.mp4,OK,16,100
FopBvLLXKZ0.webm_38.mp4,OK,16,88
FopBvLLXKZ0.webm_51.mp4,OK,16,85
8KNYC9Kw4W0.webm_40.mp4,OK,16,122
Y3tAa2qThBM.webm_56.mp4,OK,16,126
R2z3M8hdJrk.webm_40.mp4,OK,16,88
Ya3IRyzlb-s.webm_65.mp4,OK,16,387
L85T-a6JUUw.mp4_28.mp4,OK,16,114
WhodXqmJuvA.webm_134.mp4,OK,16,186
SbozyYNrWmc.mkv_30.mp4,DECODE_FAILED,0,0
QgRY22rz7m8.webm_43.mp4,OK,16,134
AXjIqts6lNw.webm_61.mp4,OK,16,86
L85T-a6JUUw.mp4_51.mp4,OK,16,156
-YVsVvsABOQ.webm_24.mp4,OK,16,148
BzI5kVdX8bI.webm_48.mp4,OK,16,127
02P6SAFU7mo.webm_28.mp4,OK,16,160
AXjIqts6lNw.webm_66.mp4,OK,16,91
5ClsAp49w3c.webm_4.mp4,OK,16,177
OSeRp3JnpHA.webm_19.mp4,OK,16,107
pinmv_PU7uI.webm_1.mp4,OK,16,341
FopBvLLXKZ0.webm_48.mp4,OK,16,89
-FGVJS3rT80.webm_53.mp4,OK,16,80
b1l61LFUUAQ.webm_19.mp4,OK,16,238
TzfXDnHifeM.webm_82.mp4,OK,16,74
09jg8vr9IXg.webm_11.mp4,OK,16,208
L85T-a6JUUw.mp4_30.mp4,OK,16,201
-4dDC0lPRB0.webm_25.mp4,OK,16,54
CbA1HWWgTbY.webm_6.mp4,OK,16,122
WhodXqmJuvA.webm_21.mp4,OK,16,212
TyEpk1-LxtY.webm_22.mp4,OK,16,228
-7bJwW2NYyc.webm_97.mp4,OK,16,121
MnvpmaUfGNw.webm_4.mp4,OK,16,58
_ZYHlc2Niaw.webm_92.mp4,OK,16,69
t0SkV41lK0c.webm_2.mp4,OK,16,190
HasIb5pfWkQ.webm_75.mp4,OK,16,137
FHlxw98mcec.mkv_1.mp4,OK,16,127
Qi2rkY_WJUg.webm_45.mp4,OK,16,96
b1l61LFUUAQ.webm_4.mp4,OK,16,96
0LCrNFZH8es.webm_29.mp4,OK,16,122
neQEUASHiXo.webm_32.mp4,OK,16,199
EGgsdaCt3wI.webm_76.mp4,OK,16,68
IL4fmLYbCEA.webm_38.mp4,OK,16,270
L85T-a6JUUw.mp4_50.mp4,OK,16,203
SkfWDQEm2II.webm_45.mp4,OK,16,61
WhodXqmJuvA.webm_136.mp4,OK,16,122
Y7mQP5hf-r0.mkv_61.mp4,OK,16,49
vaUd_A6MnhE.webm_37.mp4,OK,16,94
o-gdQgNKyzQ.webm_7.mp4,OK,16,204
EzJpOmQTMbY.webm_1.mp4,OK,16,243
KMxH3Dc89ts.webm_1.mp4,OK,16,177
5ClsAp49w3c.webm_45.mp4,OK,16,121
BzI5kVdX8bI.webm_13.mp4,OK,16,159
FopBvLLXKZ0.webm_24.mp4,OK,16,289
YNlyUuJ_qec.webm_51.mp4,OK,16,51
YNlyUuJ_qec.webm_11.mp4,OK,16,105
QDQnYLWJBcw.webm_11.mp4,OK,16,68
zqEpG0eT1LM.webm_53.mp4,OK,16,132
0IRTpb1y8b0.webm_12.mp4,OK,16,88
u35WIs62R2M.webm_36.mp4,OK,16,349
FM-CE4D8NJM.webm_48.mp4,OK,16,105
w1lLQrWq0rQ.webm_12.mp4,OK,16,90
6VNL2NdYvFQ.webm_13.mp4,OK,16,79
SbozyYNrWmc.mkv_16.mp4,OK,16,94
EzJpOmQTMbY.webm_22.mp4,OK,16,78
4rE_ToGWcdU.webm_42.mp4,OK,16,72
ByjcxvzFSTg.webm_63.mp4,OK,16,48
5FUEltKsVJQ.webm_12.mp4,OK,16,136
B-tEt_VaN0U.webm_59.mp4,OK,16,122
ByjcxvzFSTg.webm_73.mp4,OK,16,183
ByjcxvzFSTg.webm_45.mp4,OK,16,87
09jg8vr9IXg.webm_0.mp4,OK,16,107
EmKR8MQammg.webm_22.mp4,OK,16,68
Rg5D0yMWWEM.webm_48.mp4,OK,16,153
S-uESuiOD4I.webm_86.mp4,OK,16,71
rUZ8okSnE4k.mkv_25.mp4,OK,16,94
FHlxw98mcec.mkv_28.mp4,OK,16,195
nVTrJnvpD7Q.webm_50.mp4,OK,16,50
CcdWnZdozuk.webm_9.mp4,OK,16,82
-YVsVvsABOQ.webm_1.mp4,OK,16,219
B-tEt_VaN0U.webm_38.mp4,OK,16,153
-YVsVvsABOQ.webm_20.mp4,OK,16,73
B-tEt_VaN0U.webm_3.mp4,OK,16,311
Qi2rkY_WJUg.webm_23.mp4,OK,16,184
5FUEltKsVJQ.webm_7.mp4,OK,16,119
5FUEltKsVJQ.webm_13.mp4,OK,16,60
ArXf6X_0-ww.webm_6.mp4,OK,16,354
6VNL2NdYvFQ.webm_55.mp4,OK,16,78
F_T5mtz0kaI.webm_66.mp4,OK,16,80
-FGVJS3rT80.webm_14.mp4,OK,16,78
t0SkV41lK0c.webm_10.mp4,OK,16,368
YNlyUuJ_qec.webm_54.mp4,OK,16,161
rUZ8okSnE4k.mkv_20.mp4,OK,16,211
eSw1yplMFps.webm_78.mp4,OK,16,138
SkfWDQEm2II.webm_4.mp4,DECODE_FAILED,0,0
kPJ6T3DrUaM.webm_29.mp4,OK,16,183
IX5tw_9BxKs.webm_114.mp4,OK,16,170
IX5tw_9BxKs.webm_44.mp4,OK,16,178
5X5i4qN6M88.webm_30.mp4,OK,16,77
SX2vYvhMAqc.webm_34.mp4,OK,16,128
bNhgADLay0w.webm_4.mp4,OK,16,126
DJqkat66RG4.mkv_36.mp4,OK,16,69
4rE_ToGWcdU.webm_52.mp4,OK,16,85
-4dDC0lPRB0.webm_17.mp4,OK,16,48
U6BpeM8RaD4.webm_86.mp4,OK,16,79
R2z3M8hdJrk.webm_30.mp4,OK,16,190
6VNL2NdYvFQ.webm_0.mp4,OK,16,207
TyEpk1-LxtY.webm_20.mp4,OK,16,101
J7RW7WNzh0w.webm_17.mp4,OK,16,251
nVTrJnvpD7Q.webm_16.mp4,OK,16,87
BzI5kVdX8bI.webm_45.mp4,OK,16,109
0IRTpb1y8b0.webm_49.mp4,OK,16,157
s38xa-i4G-4.webm_48.mp4,OK,16,172
L-L23XzHX9w.webm_130.mp4,OK,16,222
D1m2Z4_-XA4.webm_27.mp4,OK,16,148
Rg5D0yMWWEM.webm_32.mp4,OK,16,95
bNhgADLay0w.webm_50.mp4,OK,16,115
f2Y5n4R6DGk.mkv_5.mp4,OK,16,135
IL4fmLYbCEA.webm_37.mp4,OK,16,172
-YVsVvsABOQ.webm_10.mp4,OK,16,217
FopBvLLXKZ0.webm_27.mp4,OK,16,52
EGgsdaCt3wI.webm_58.mp4,OK,16,79
mXZTccXRuwE.webm_29.mp4,OK,16,79
Y3tAa2qThBM.webm_31.mp4,OK,16,265
o-gdQgNKyzQ.webm_66.mp4,OK,16,99
HasIb5pfWkQ.webm_70.mp4,OK,16,60
lwTS79rT8iw.webm_21.mp4,OK,16,180
EmKR8MQammg.webm_105.mp4,OK,16,83
xEo1cgaU3VE.webm_106.mp4,OK,16,64
TzfXDnHifeM.webm_81.mp4,OK,16,189
gYRCUP7zFZk.mkv_54.mp4,OK,16,51
F_T5mtz0kaI.webm_64.mp4,OK,16,157
fQS9GOcGy9c.webm_54.mp4,OK,16,65
-YVsVvsABOQ.webm_23.mp4,OK,16,209
TyEpk1-LxtY.webm_11.mp4,OK,16,320
u111KCzMYNg.webm_20.mp4,OK,16,92
m1LHXV49zn8.webm_60.mp4,OK,16,268
f2Y5n4R6DGk.mkv_19.mp4,OK,16,71
fSr_nfsdlRg.webm_73.mp4,DECODE_FAILED,0,0
fSr_nfsdlRg.webm_71.mp4,OK,16,78
haBSdCCFc2I.webm_62.mp4,OK,16,139
e1SGHR4g3ac.webm_10.mp4,OK,16,197
CbA1HWWgTbY.webm_25.mp4,OK,16,93
FQIx05cdYCM.webm_24.mp4,OK,16,119
jobrPfuFBC0.webm_17.mp4,OK,16,190
KMxH3Dc89ts.webm_33.mp4,OK,16,150
Y3tAa2qThBM.webm_48.mp4,OK,16,109
KiCZbqPTD-I.webm_37.mp4,OK,16,193
jobrPfuFBC0.webm_5.mp4,OK,16,95
Rg5D0yMWWEM.webm_26.mp4,OK,16,66
IL4fmLYbCEA.webm_1.mp4,OK,16,173
m1LHXV49zn8.webm_55.mp4,OK,16,326
fQS9GOcGy9c.webm_27.mp4,OK,16,139
_Z2xaWg2yag.mkv_73.mp4,OK,16,81
5FUEltKsVJQ.webm_80.mp4,OK,16,92
Y3tAa2qThBM.webm_44.mp4,OK,16,58
Y3tAa2qThBM.webm_43.mp4,OK,16,50
bNhgADLay0w.webm_16.mp4,OK,16,273
YNlyUuJ_qec.webm_59.mp4,OK,16,143
09jg8vr9IXg.webm_57.mp4,OK,16,80
jobrPfuFBC0.webm_69.mp4,OK,16,95
_ZYHlc2Niaw.webm_9.mp4,OK,16,187
L85T-a6JUUw.mp4_31.mp4,OK,16,222
5ClsAp49w3c.webm_53.mp4,OK,16,253
RXt-hSbF02k.webm_80.mp4,OK,16,127
DJqkat66RG4.mkv_28.mp4,OK,16,180
fQS9GOcGy9c.webm_51.mp4,OK,16,179
mXZTccXRuwE.webm_43.mp4,OK,16,195
qiGhCbwdS04.webm_10.mp4,OK,16,142
uaKXU_zuRGM.webm_37.mp4,OK,16,157
MnvpmaUfGNw.webm_74.mp4,OK,16,146
u35WIs62R2M.webm_105.mp4,OK,16,116
mgju_uBZHic.webm_92.mp4,OK,16,112
t0SkV41lK0c.webm_36.mp4,OK,16,92
IL4fmLYbCEA.webm_14.mp4,OK,16,176
xEo1cgaU3VE.webm_68.mp4,OK,16,142
NzfC0j8GU_w.webm_23.mp4,OK,16,98
CbA1HWWgTbY.webm_37.mp4,OK,16,65
dSrX8b8BYy0.webm_7.mp4,OK,16,189
3LDJxHWtFUI.webm_34.mp4,OK,16,143
knSQ60KFiMk.webm_31.mp4,OK,16,57
SkfWDQEm2II.webm_27.mp4,OK,16,164
o-gdQgNKyzQ.webm_45.mp4,OK,16,69
6VNL2NdYvFQ.webm_71.mp4,OK,16,58
F_T5mtz0kaI.webm_43.mp4,OK,16,85
SbozyYNrWmc.mkv_53.mp4,OK,16,85
TzxTr3o3qzY.webm_25.mp4,OK,16,66
CbA1HWWgTbY.webm_18.mp4,OK,16,156
5X5i4qN6M88.webm_6.mp4,OK,16,89
pPW07cI2bzs.webm_14.mp4,OK,16,54
5X5i4qN6M88.webm_37.mp4,OK,16,80
f2Y5n4R6DGk.mkv_40.mp4,OK,16,137
pinmv_PU7uI.webm_8.mp4,OK,16,98
TzfXDnHifeM.webm_53.mp4,DECODE_FAILED,0,0
09jg8vr9IXg.webm_45.mp4,OK,16,103
02P6SAFU7mo.webm_64.mp4,OK,16,59
w1lLQrWq0rQ.webm_37.mp4,OK,16,165
ldyYlLCjATw.webm_60.mp4,OK,16,69
bNhgADLay0w.webm_36.mp4,OK,16,216
u35WIs62R2M.webm_155.mp4,OK,16,113
Y3tAa2qThBM.webm_40.mp4,OK,16,194
MbZzcu8-SbI.webm_1.mp4,OK,16,120
TyEpk1-LxtY.webm_3.mp4,OK,16,85
u35WIs62R2M.webm_32.mp4,OK,16,271
fQS9GOcGy9c.webm_14.mp4,OK,16,95
EGgsdaCt3wI.webm_93.mp4,OK,16,74
-4dDC0lPRB0.webm_8.mp4,OK,16,143
Chz43YiO5dY.webm_12.mp4,OK,16,175
D1m2Z4_-XA4.webm_2.mp4,OK,16,114
fSr_nfsdlRg.webm_48.mp4,OK,16,81
Rg5D0yMWWEM.webm_38.mp4,OK,16,82
mgju_uBZHic.webm_8.mp4,OK,16,113
mgju_uBZHic.webm_69.mp4,OK,16,108
zqEpG0eT1LM.webm_47.mp4,OK,16,255
-7bJwW2NYyc.webm_32.mp4,OK,16,130
xEo1cgaU3VE.webm_103.mp4,OK,16,85
bNhgADLay0w.webm_1.mp4,OK,16,71
uaKXU_zuRGM.webm_27.mp4,OK,16,82
pPW07cI2bzs.webm_81.mp4,OK,16,164
pPW07cI2bzs.webm_53.mp4,OK,16,141
OSeRp3JnpHA.webm_41.mp4,OK,16,344
CcdWnZdozuk.webm_29.mp4,OK,16,108
jobrPfuFBC0.webm_48.mp4,OK,16,203
-7bJwW2NYyc.webm_98.mp4,OK,16,53
OSeRp3JnpHA.webm_47.mp4,OK,16,313
B-tEt_VaN0U.webm_42.mp4,OK,16,149
0LCrNFZH8es.webm_40.mp4,OK,16,180
ByjcxvzFSTg.webm_41.mp4,OK,16,181
-7bJwW2NYyc.webm_115.mp4,OK,16,60
Rg5D0yMWWEM.webm_46.mp4,OK,16,101
u111KCzMYNg.webm_23.mp4,OK,16,169
nVTrJnvpD7Q.webm_47.mp4,OK,16,48
IX5tw_9BxKs.webm_25.mp4,OK,16,77
FM-CE4D8NJM.webm_53.mp4,OK,16,111
BJ5YQFt9ab0.webm_39.mp4,OK,16,93
BzI5kVdX8bI.webm_53.mp4,OK,16,82
Rg5D0yMWWEM.webm_27.mp4,OK,16,132
FopBvLLXKZ0.webm_16.mp4,OK,16,120
FM-CE4D8NJM.webm_2.mp4,OK,16,326
m1LHXV49zn8.webm_62.mp4,OK,16,159
kPJ6T3DrUaM.webm_18.mp4,OK,16,179
TzfXDnHifeM.webm_66.mp4,OK,16,91
CbA1HWWgTbY.webm_13.mp4,OK,16,112
UKCOdrLG3Z8.mkv_22.mp4,OK,16,102
TzfXDnHifeM.webm_43.mp4,OK,16,107
MnvpmaUfGNw.webm_28.mp4,OK,16,85
SX2vYvhMAqc.webm_25.mp4,OK,16,132
SX2vYvhMAqc.webm_55.mp4,OK,16,279
0IRTpb1y8b0.webm_33.mp4,OK,16,89
-4dDC0lPRB0.webm_14.mp4,OK,16,89
nVTrJnvpD7Q.webm_4.mp4,OK,16,190
ldyYlLCjATw.webm_32.mp4,DECODE_FAILED,0,0
EzJpOmQTMbY.webm_20.mp4,OK,16,243
-YVsVvsABOQ.webm_14.mp4,OK,16,114
u35WIs62R2M.webm_150.mp4,OK,16,148
-4dDC0lPRB0.webm_40.mp4,OK,16,183
gYRCUP7zFZk.mkv_12.mp4,OK,16,103
OSeRp3JnpHA.webm_32.mp4,OK,16,54
bNhgADLay0w.webm_29.mp4,OK,16,156
Y3tAa2qThBM.webm_1.mp4,DECODE_FAILED,0,0
Y7mQP5hf-r0.mkv_38.mp4,OK,16,106
SkfWDQEm2II.webm_25.mp4,OK,16,195
qt3mWFxfuEk.webm_12.mp4,OK,16,59
o-gdQgNKyzQ.webm_62.mp4,OK,16,90
IL4fmLYbCEA.webm_11.mp4,OK,16,177
_Z2xaWg2yag.mkv_2.mp4,OK,16,50
wODFuP0rx-U.webm_38.mp4,OK,16,142
U6BpeM8RaD4.webm_10.mp4,OK,16,306
lcXi57h41jQ.mkv_29.mp4,OK,16,81
F_T5mtz0kaI.webm_77.mp4,OK,16,179
SbozyYNrWmc.mkv_6.mp4,OK,16,96
TyEpk1-LxtY.webm_19.mp4,OK,16,137
S-uESuiOD4I.webm_91.mp4,OK,16,65
02P6SAFU7mo.webm_26.mp4,OK,16,80
J7RW7WNzh0w.webm_40.mp4,OK,16,160
gYRCUP7zFZk.mkv_23.mp4,OK,16,80
f2Y5n4R6DGk.mkv_39.mp4,OK,16,126
u35WIs62R2M.webm_112.mp4,OK,16,141
-7bJwW2NYyc.webm_164.mp4,OK,16,158
El35ADTlcF0.webm_39.mp4,OK,16,202
SX2vYvhMAqc.webm_48.mp4,OK,16,66
NzfC0j8GU_w.webm_16.mp4,OK,16,261
Y7mQP5hf-r0.mkv_62.mp4,OK,16,57
rUZ8okSnE4k.mkv_5.mp4,OK,16,88
QgRY22rz7m8.webm_21.mp4,OK,16,199
VR7uvOTdWLw.webm_59.mp4,OK,16,266
SkfWDQEm2II.webm_26.mp4,DECODE_FAILED,0,0
MbZzcu8-SbI.webm_16.mp4,OK,16,76
L-L23XzHX9w.webm_99.mp4,OK,16,200
TzxTr3o3qzY.webm_66.mp4,OK,16,272
xEo1cgaU3VE.webm_15.mp4,OK,16,138
fQS9GOcGy9c.webm_5.mp4,OK,16,152
bNhgADLay0w.webm_56.mp4,OK,16,393
zqEpG0eT1LM.webm_23.mp4,OK,16,182
mXZTccXRuwE.webm_39.mp4,OK,16,123
WhodXqmJuvA.webm_89.mp4,OK,16,130
nlw7L7gYnlA.mkv_24.mp4,OK,16,115
SX2vYvhMAqc.webm_12.mp4,OK,16,136
BJ5YQFt9ab0.webm_54.mp4,OK,16,194
HasIb5pfWkQ.webm_15.mp4,OK,16,223
0LCrNFZH8es.webm_95.mp4,OK,16,64
TzxTr3o3qzY.webm_10.mp4,OK,16,153
Y8Soomh9owk.webm_51.mp4,OK,16,119
lwTS79rT8iw.webm_27.mp4,OK,16,129
U-rTc76jM5Y.webm_0.mp4,OK,16,309
-4dDC0lPRB0.webm_6.mp4,OK,16,88
J7RW7WNzh0w.webm_9.mp4,OK,16,95
o-gdQgNKyzQ.webm_56.mp4,OK,16,80
HasIb5pfWkQ.webm_36.mp4,OK,16,62
5FUEltKsVJQ.webm_24.mp4,OK,16,98
rUZ8okSnE4k.mkv_45.mp4,OK,16,53
xEo1cgaU3VE.webm_71.mp4,OK,16,111
TzfXDnHifeM.webm_10.mp4,OK,16,102
W3kMY91sKpQ.webm_12.mp4,OK,16,206
QzJtMyM3HNU.webm_27.mp4,OK,16,141
VR7uvOTdWLw.webm_15.mp4,OK,16,127
HasIb5pfWkQ.webm_28.mp4,OK,16,143
3NZyvpYYj3o.webm_36.mp4,OK,16,104
FHlxw98mcec.mkv_23.mp4,OK,16,61
xHZEn3ER9RA.webm_31.mp4,OK,16,75
-FGVJS3rT80.webm_34.mp4,OK,16,237
jobrPfuFBC0.webm_19.mp4,OK,16,177
09jg8vr9IXg.webm_61.mp4,OK,16,100
EmKR8MQammg.webm_44.mp4,OK,16,163
EGgsdaCt3wI.webm_91.mp4,OK,16,68
m1LHXV49zn8.webm_14.mp4,OK,16,114
UKCOdrLG3Z8.mkv_3.mp4,OK,16,101
SkfWDQEm2II.webm_49.mp4,OK,16,140
pinmv_PU7uI.webm_3.mp4,OK,16,95
SX2vYvhMAqc.webm_18.mp4,OK,16,81
o-gdQgNKyzQ.webm_9.mp4,OK,16,62
_ZYHlc2Niaw.webm_65.mp4,OK,16,121
ldyYlLCjATw.webm_69.mp4,OK,16,106
nVTrJnvpD7Q.webm_14.mp4,OK,16,181
0LCrNFZH8es.webm_13.mp4,OK,16,66
AXjIqts6lNw.webm_69.mp4,OK,16,67
s38xa-i4G-4.webm_50.mp4,OK,16,137
BzI5kVdX8bI.webm_2.mp4,OK,16,153
EGgsdaCt3wI.webm_88.mp4,OK,16,72
neQEUASHiXo.webm_3.mp4,OK,16,81
h9yDvzBrSC4.webm_25.mp4,OK,16,94
Y7mQP5hf-r0.mkv_15.mp4,OK,16,176
MnvpmaUfGNw.webm_1.mp4,OK,16,130
qt3mWFxfuEk.webm_45.mp4,OK,16,100
_Z2xaWg2yag.mkv_0.mp4,OK,16,202
e1SGHR4g3ac.webm_11.mp4,OK,16,181
D1m2Z4_-XA4.webm_30.mp4,OK,16,124
neQEUASHiXo.webm_14.mp4,OK,16,133
Qi2rkY_WJUg.webm_28.mp4,OK,16,99
0IRTpb1y8b0.webm_61.mp4,DECODE_FAILED,0,0
s38xa-i4G-4.webm_31.mp4,OK,16,205
FQIx05cdYCM.webm_39.mp4,OK,16,50
-YVsVvsABOQ.webm_8.mp4,OK,16,98
0LCrNFZH8es.webm_64.mp4,OK,16,181
J7RW7WNzh0w.webm_7.mp4,OK,16,154
Chz43YiO5dY.webm_66.mp4,OK,16,76
YNlyUuJ_qec.webm_5.mp4,OK,16,107
BzI5kVdX8bI.webm_36.mp4,OK,16,138
DJqkat66RG4.mkv_2.mp4,OK,16,137
W3kMY91sKpQ.webm_40.mp4,OK,16,71
FopBvLLXKZ0.webm_71.mp4,OK,16,74
0LCrNFZH8es.webm_2.mp4,OK,16,66
IX5tw_9BxKs.webm_77.mp4,OK,16,83
mgju_uBZHic.webm_85.mp4,OK,16,237
6VNL2NdYvFQ.webm_49.mp4,OK,16,75
TzfXDnHifeM.webm_61.mp4,OK,16,89
nVTrJnvpD7Q.webm_5.mp4,OK,16,197
L85T-a6JUUw.mp4_25.mp4,OK,16,202
bNhgADLay0w.webm_2.mp4,DECODE_FAILED,0,0
t0SkV41lK0c.webm_37.mp4,OK,16,92
_ZYHlc2Niaw.webm_64.mp4,OK,16,88
VR7uvOTdWLw.webm_48.mp4,OK,16,65
xHZEn3ER9RA.webm_39.mp4,OK,16,81
KiCZbqPTD-I.webm_1.mp4,OK,16,198
fgeBZVy5Nfg.mkv_4.mp4,OK,16,120
Qi2rkY_WJUg.webm_52.mp4,OK,16,88
h9yDvzBrSC4.webm_17.mp4,OK,16,168
YNlyUuJ_qec.webm_57.mp4,OK,16,106
EzJpOmQTMbY.webm_8.mp4,OK,16,303
VR7uvOTdWLw.webm_42.mp4,OK,16,50
L-L23XzHX9w.webm_39.mp4,OK,16,62
AXjIqts6lNw.webm_62.mp4,OK,16,77
AXjIqts6lNw.webm_82.mp4,OK,16,120
hZyzCFdTC5s.webm_12.mp4,OK,16,205
FQIx05cdYCM.webm_21.mp4,OK,16,193
gYRCUP7zFZk.mkv_64.mp4,OK,16,102
IX5tw_9BxKs.webm_16.mp4,OK,16,65
e1SGHR4g3ac.webm_27.mp4,OK,16,55
pPW07cI2bzs.webm_41.mp4,OK,16,334
R2z3M8hdJrk.webm_6.mp4,OK,16,171
knSQ60KFiMk.webm_67.mp4,OK,16,88
u35WIs62R2M.webm_45.mp4,OK,16,443
Rg5D0yMWWEM.webm_43.mp4,OK,16,85
fQS9GOcGy9c.webm_39.mp4,OK,16,106
nVTrJnvpD7Q.webm_15.mp4,OK,16,199
lwTS79rT8iw.webm_8.mp4,OK,16,147
o-gdQgNKyzQ.webm_60.mp4,OK,16,59
Y7mQP5hf-r0.mkv_57.mp4,OK,16,150
WhodXqmJuvA.webm_30.mp4,OK,16,114
f2Y5n4R6DGk.mkv_65.mp4,OK,16,138
5FUEltKsVJQ.webm_5.mp4,OK,16,196
SX2vYvhMAqc.webm_19.mp4,OK,16,67
iEcwg396DlQ.webm_16.mp4,OK,16,143
MbZzcu8-SbI.webm_28.mp4,OK,16,67
_ZYHlc2Niaw.webm_115.mp4,OK,16,82
D0PiBsb_hX4.webm_17.mp4,OK,16,147
8KNYC9Kw4W0.webm_26.mp4,OK,16,181
kPJ6T3DrUaM.webm_45.mp4,OK,16,95
vaUd_A6MnhE.webm_6.mp4,OK,16,249
SX2vYvhMAqc.webm_22.mp4,OK,16,86
VR7uvOTdWLw.webm_36.mp4,OK,16,103
Ya3IRyzlb-s.webm_18.mp4,OK,16,206
FHlxw98mcec.mkv_25.mp4,OK,16,129
qiGhCbwdS04.webm_109.mp4,OK,16,148
haBSdCCFc2I.webm_26.mp4,OK,16,123
Y3tAa2qThBM.webm_24.mp4,OK,16,49
0LCrNFZH8es.webm_89.mp4,OK,16,66
nVTrJnvpD7Q.webm_35.mp4,OK,16,125
W3kMY91sKpQ.webm_9.mp4,OK,16,59
FQIx05cdYCM.webm_25.mp4,OK,16,140
u35WIs62R2M.webm_93.mp4,OK,16,215
HasIb5pfWkQ.webm_10.mp4,OK,16,104
-4dDC0lPRB0.webm_47.mp4,OK,16,105
Chz43YiO5dY.webm_72.mp4,OK,16,172
TyEpk1-LxtY.webm_7.mp4,OK,16,114
BJ5YQFt9ab0.webm_125.mp4,OK,16,183
qiGhCbwdS04.webm_46.mp4,OK,16,82
QgRY22rz7m8.webm_17.mp4,OK,16,154
qt3mWFxfuEk.webm_54.mp4,OK,16,77
YNlyUuJ_qec.webm_34.mp4,OK,16,108
Rg5D0yMWWEM.webm_20.mp4,OK,16,105
El35ADTlcF0.webm_19.mp4,OK,16,120
fgeBZVy5Nfg.mkv_8.mp4,OK,16,72
RXt-hSbF02k.webm_21.mp4,OK,16,70
wODFuP0rx-U.webm_25.mp4,OK,16,211
W3kMY91sKpQ.webm_3.mp4,OK,16,224
W3kMY91sKpQ.webm_71.mp4,OK,16,82
TzfXDnHifeM.webm_59.mp4,OK,16,135
CbA1HWWgTbY.webm_15.mp4,OK,16,127
ArXf6X_0-ww.webm_43.mp4,OK,16,223
R2z3M8hdJrk.webm_68.mp4,OK,16,97
FHlxw98mcec.mkv_51.mp4,OK,16,85
F_T5mtz0kaI.webm_22.mp4,OK,16,159
Y7mQP5hf-r0.mkv_22.mp4,OK,16,146
F_T5mtz0kaI.webm_18.mp4,OK,16,147
lwTS79rT8iw.webm_5.mp4,OK,16,213
KMxH3Dc89ts.webm_23.mp4,OK,16,256
UKCOdrLG3Z8.mkv_23.mp4,OK,16,84
EGgsdaCt3wI.webm_42.mp4,OK,16,48
6VNL2NdYvFQ.webm_22.mp4,DECODE_FAILED,0,0
F_T5mtz0kaI.webm_55.mp4,OK,16,108
rUZ8okSnE4k.mkv_52.mp4,OK,16,52
uaKXU_zuRGM.webm_46.mp4,OK,16,128
pPW07cI2bzs.webm_19.mp4,OK,16,71
QDQnYLWJBcw.webm_10.mp4,OK,16,285
fSr_nfsdlRg.webm_13.mp4,OK,16,160
-FGVJS3rT80.webm_48.mp4,OK,16,78
B-tEt_VaN0U.webm_67.mp4,OK,16,78
TzfXDnHifeM.webm_38.mp4,OK,16,115
DJqkat66RG4.mkv_24.mp4,OK,16,170
5FUEltKsVJQ.webm_89.mp4,OK,16,132
pPW07cI2bzs.webm_23.mp4,OK,16,123
SX2vYvhMAqc.webm_17.mp4,OK,16,109
w1lLQrWq0rQ.webm_25.mp4,OK,16,89
0IRTpb1y8b0.webm_52.mp4,OK,16,87
QzJtMyM3HNU.webm_4.mp4,OK,16,53
m1LHXV49zn8.webm_61.mp4,OK,16,94
Y8Soomh9owk.webm_31.mp4,OK,16,72
Ya3IRyzlb-s.webm_13.mp4,OK,16,156
L85T-a6JUUw.mp4_21.mp4,OK,16,58
_ZYHlc2Niaw.webm_61.mp4,OK,16,51
3NZyvpYYj3o.webm_37.mp4,OK,16,97
nVTrJnvpD7Q.webm_45.mp4,OK,16,95
QDQnYLWJBcw.webm_27.mp4,OK,16,129
5ClsAp49w3c.webm_41.mp4,OK,16,169
zqEpG0eT1LM.webm_76.mp4,OK,16,140
uaKXU_zuRGM.webm_41.mp4,OK,16,89
kPJ6T3DrUaM.webm_43.mp4,OK,16,132
w1lLQrWq0rQ.webm_19.mp4,OK,16,60
DnLc7wp-l6M.webm_10.mp4,OK,16,118
lwTS79rT8iw.webm_49.mp4,OK,16,225
lwTS79rT8iw.webm_1.mp4,OK,16,126
SbozyYNrWmc.mkv_45.mp4,OK,16,99
UKCOdrLG3Z8.mkv_1.mp4,OK,16,201
qiGhCbwdS04.webm_50.mp4,OK,16,60
pPW07cI2bzs.webm_16.mp4,OK,16,48
mXZTccXRuwE.webm_32.mp4,OK,16,214
RXt-hSbF02k.webm_53.mp4,OK,16,57
zqEpG0eT1LM.webm_64.mp4,OK,16,147
haBSdCCFc2I.webm_11.mp4,OK,16,86
Y3tAa2qThBM.webm_63.mp4,OK,16,259
mXZTccXRuwE.webm_30.mp4,OK,16,106
BkMoBdDsMSI.webm_17.mp4,OK,16,154
CcdWnZdozuk.webm_14.mp4,OK,16,58
0IRTpb1y8b0.webm_44.mp4,OK,16,200
AXjIqts6lNw.webm_35.mp4,OK,16,88
CbA1HWWgTbY.webm_19.mp4,OK,16,214
-4dDC0lPRB0.webm_44.mp4,OK,16,137
-7bJwW2NYyc.webm_159.mp4,OK,16,168
D1m2Z4_-XA4.webm_9.mp4,OK,16,126
S-uESuiOD4I.webm_47.mp4,OK,16,112
x9w-dy_Yb3Y.webm_30.mp4,OK,16,96
lwTS79rT8iw.webm_29.mp4,OK,16,188
mXZTccXRuwE.webm_20.mp4,OK,16,183
8KNYC9Kw4W0.webm_59.mp4,OK,16,118
3LDJxHWtFUI.webm_29.mp4,OK,16,56
mXZTccXRuwE.webm_34.mp4,OK,16,77
TzxTr3o3qzY.webm_39.mp4,OK,16,97
D1m2Z4_-XA4.webm_32.mp4,OK,16,201
-YVsVvsABOQ.webm_32.mp4,OK,16,144
3LDJxHWtFUI.webm_3.mp4,OK,16,232
zqEpG0eT1LM.webm_55.mp4,OK,16,154
FHlxw98mcec.mkv_48.mp4,OK,16,120
EmKR8MQammg.webm_48.mp4,OK,16,130
pPW07cI2bzs.webm_7.mp4,OK,16,135
EGgsdaCt3wI.webm_89.mp4,OK,16,77
B-tEt_VaN0U.webm_56.mp4,OK,16,149
fgeBZVy5Nfg.mkv_77.mp4,OK,16,67
Y8Soomh9owk.webm_45.mp4,OK,16,89
eSw1yplMFps.webm_25.mp4,OK,16,79
3NZyvpYYj3o.webm_32.mp4,OK,16,121
BkMoBdDsMSI.webm_35.mp4,OK,16,122
4rE_ToGWcdU.webm_31.mp4,OK,16,112
neQEUASHiXo.webm_2.mp4,OK,16,87
DJqkat66RG4.mkv_37.mp4,OK,16,144
0IRTpb1y8b0.webm_2.mp4,OK,16,52
IL4fmLYbCEA.webm_47.mp4,OK,16,84
t0SkV41lK0c.webm_6.mp4,OK,16,278
AXjIqts6lNw.webm_41.mp4,OK,16,140
5FUEltKsVJQ.webm_23.mp4,OK,16,48
5FUEltKsVJQ.webm_16.mp4,OK,16,60
L85T-a6JUUw.mp4_32.mp4,OK,16,116
h9yDvzBrSC4.webm_43.mp4,OK,16,199
FHlxw98mcec.mkv_14.mp4,OK,16,108
pPW07cI2bzs.webm_68.mp4,OK,16,54
Qi2rkY_WJUg.webm_6.mp4,OK,16,95
fSr_nfsdlRg.webm_46.mp4,OK,16,148
3LDJxHWtFUI.webm_8.mp4,OK,16,154
u35WIs62R2M.webm_160.mp4,OK,16,95
knSQ60KFiMk.webm_68.mp4,OK,16,423
KMxH3Dc89ts.webm_39.mp4,OK,16,100
SbozyYNrWmc.mkv_52.mp4,DECODE_FAILED,0,0
-FGVJS3rT80.webm_40.mp4,OK,16,75
xHZEn3ER9RA.webm_3.mp4,OK,16,139
TzfXDnHifeM.webm_4.mp4,OK,16,134
BJ5YQFt9ab0.webm_29.mp4,OK,16,70
mXZTccXRuwE.webm_8.mp4,OK,16,152
DJqkat66RG4.mkv_1.mp4,OK,16,123
WhodXqmJuvA.webm_119.mp4,OK,16,125
4rE_ToGWcdU.webm_26.mp4,OK,16,52
knSQ60KFiMk.webm_64.mp4,OK,16,54
hZyzCFdTC5s.webm_24.mp4,OK,16,87
3LDJxHWtFUI.webm_24.mp4,OK,16,76
ldyYlLCjATw.webm_15.mp4,OK,16,100
TyEpk1-LxtY.webm_21.mp4,OK,16,327
hZyzCFdTC5s.webm_36.mp4,OK,16,70
6VNL2NdYvFQ.webm_78.mp4,OK,16,82
Y3tAa2qThBM.webm_7.mp4,OK,16,91
5ClsAp49w3c.webm_54.mp4,OK,16,252
09jg8vr9IXg.webm_56.mp4,OK,16,123
zqEpG0eT1LM.webm_68.mp4,OK,16,50
t0SkV41lK0c.webm_17.mp4,OK,16,232
5FUEltKsVJQ.webm_20.mp4,OK,16,102
m1LHXV49zn8.webm_76.mp4,OK,16,81
_Z2xaWg2yag.mkv_112.mp4,OK,16,78
ZN3F2JLb4EI.webm_13.mp4,OK,16,80
fSr_nfsdlRg.webm_68.mp4,OK,16,89
h9yDvzBrSC4.webm_83.mp4,OK,16,180
SbozyYNrWmc.mkv_8.mp4,OK,16,67
0LCrNFZH8es.webm_65.mp4,OK,16,136
TzfXDnHifeM.webm_60.mp4,OK,16,89
W3kMY91sKpQ.webm_58.mp4,OK,16,144
SkfWDQEm2II.webm_40.mp4,OK,16,57
EzJpOmQTMbY.webm_2.mp4,OK,16,181
zqEpG0eT1LM.webm_39.mp4,OK,16,172
WhodXqmJuvA.webm_67.mp4,OK,16,122
fQS9GOcGy9c.webm_66.mp4,OK,16,94
m1LHXV49zn8.webm_0.mp4,OK,16,122
EGgsdaCt3wI.webm_1.mp4,OK,16,102
f2Y5n4R6DGk.mkv_28.mp4,OK,16,142
-4dDC0lPRB0.webm_28.mp4,OK,16,80
-FGVJS3rT80.webm_55.mp4,OK,16,94
IX5tw_9BxKs.webm_9.mp4,OK,16,49
dSrX8b8BYy0.webm_5.mp4,OK,16,147
pPW07cI2bzs.webm_65.mp4,OK,16,139
knSQ60KFiMk.webm_42.mp4,OK,16,59
0LCrNFZH8es.webm_35.mp4,OK,16,206
FQIx05cdYCM.webm_5.mp4,OK,16,93
Y8Soomh9owk.webm_34.mp4,OK,16,153
jobrPfuFBC0.webm_22.mp4,OK,16,274
WhodXqmJuvA.webm_38.mp4,OK,16,190
OSeRp3JnpHA.webm_21.mp4,OK,16,74
0LCrNFZH8es.webm_70.mp4,OK,16,180
fQS9GOcGy9c.webm_42.mp4,OK,16,173
MbZzcu8-SbI.webm_48.mp4,OK,16,124
lwTS79rT8iw.webm_62.mp4,OK,16,67
-4dDC0lPRB0.webm_3.mp4,OK,16,91
x9w-dy_Yb3Y.webm_21.mp4,OK,16,187
U6BpeM8RaD4.webm_42.mp4,OK,16,190
ArXf6X_0-ww.webm_58.mp4,OK,16,94
MnvpmaUfGNw.webm_14.mp4,OK,16,83
CbA1HWWgTbY.webm_14.mp4,DECODE_FAILED,0,0
L-L23XzHX9w.webm_160.mp4,DECODE_FAILED,0,0
o-gdQgNKyzQ.webm_14.mp4,OK,16,190
w1lLQrWq0rQ.webm_66.mp4,OK,16,61
pPW07cI2bzs.webm_47.mp4,OK,16,78
fgeBZVy5Nfg.mkv_31.mp4,OK,16,64
BkMoBdDsMSI.webm_40.mp4,OK,16,113
ArXf6X_0-ww.webm_62.mp4,OK,16,128
DJqkat66RG4.mkv_3.mp4,OK,16,93
BJ5YQFt9ab0.webm_8.mp4,OK,16,158
nlw7L7gYnlA.mkv_27.mp4,OK,16,71
mgju_uBZHic.webm_35.mp4,OK,16,62
6VNL2NdYvFQ.webm_54.mp4,OK,16,150
WhodXqmJuvA.webm_147.mp4,OK,16,165
0LCrNFZH8es.webm_8.mp4,OK,16,195
EzJpOmQTMbY.webm_27.mp4,OK,16,126
FHlxw98mcec.mkv_19.mp4,OK,16,55
EGgsdaCt3wI.webm_12.mp4,OK,16,204
NzfC0j8GU_w.webm_15.mp4,OK,16,79
D1m2Z4_-XA4.webm_28.mp4,OK,16,129
KiCZbqPTD-I.webm_33.mp4,OK,16,174
mgju_uBZHic.webm_30.mp4,OK,16,61
TzxTr3o3qzY.webm_58.mp4,OK,16,67
CGEZtXvpaZE.webm_29.mp4,OK,16,193
nlw7L7gYnlA.mkv_35.mp4,OK,16,227
FM-CE4D8NJM.webm_6.mp4,OK,16,140
TzfXDnHifeM.webm_37.mp4,OK,16,163
mgju_uBZHic.webm_37.mp4,OK,16,126
SkfWDQEm2II.webm_21.mp4,OK,16,104
ldyYlLCjATw.webm_10.mp4,OK,16,210
qiGhCbwdS04.webm_92.mp4,OK,16,115
zqEpG0eT1LM.webm_36.mp4,OK,16,57
8KNYC9Kw4W0.webm_33.mp4,OK,16,227
YJJGXkbeIiM.webm_88.mp4,OK,16,108
YJJGXkbeIiM.webm_21.mp4,OK,16,232
FopBvLLXKZ0.webm_5.mp4,OK,16,82
iEcwg396DlQ.webm_41.mp4,OK,16,74
FQIx05cdYCM.webm_50.mp4,OK,16,93
X3jEllCzECc.mkv_31.mp4,OK,16,55
_Z2xaWg2yag.mkv_69.mp4,OK,16,69
knSQ60KFiMk.webm_24.mp4,OK,16,91
ByjcxvzFSTg.webm_46.mp4,OK,16,129
Qi2rkY_WJUg.webm_9.mp4,OK,16,93
DnLc7wp-l6M.webm_28.mp4,OK,16,232
nVTrJnvpD7Q.webm_20.mp4,OK,16,130
TzxTr3o3qzY.webm_26.mp4,OK,16,71
TzfXDnHifeM.webm_13.mp4,OK,16,212
3LDJxHWtFUI.webm_31.mp4,OK,16,162
UKCOdrLG3Z8.mkv_25.mp4,OK,16,74
fgeBZVy5Nfg.mkv_34.mp4,OK,16,142
ArXf6X_0-ww.webm_10.mp4,OK,16,244
fQS9GOcGy9c.webm_53.mp4,OK,16,50
Rg5D0yMWWEM.webm_24.mp4,OK,16,88
EGgsdaCt3wI.webm_53.mp4,OK,16,77
xHZEn3ER9RA.webm_0.mp4,OK,16,147
nlw7L7gYnlA.mkv_42.mp4,OK,16,90
VR7uvOTdWLw.webm_35.mp4,OK,16,123
_ZYHlc2Niaw.webm_153.mp4,OK,16,73
Rg5D0yMWWEM.webm_39.mp4,OK,16,63
mXZTccXRuwE.webm_38.mp4,OK,16,116
haBSdCCFc2I.webm_6.mp4,OK,16,60
lwTS79rT8iw.webm_20.mp4,OK,16,191
4rE_ToGWcdU.webm_15.mp4,OK,16,118
TzxTr3o3qzY.webm_41.mp4,OK,16,132
L-L23XzHX9w.webm_196.mp4,OK,16,85
kPJ6T3DrUaM.webm_35.mp4,OK,16,49
CGEZtXvpaZE.webm_26.mp4,OK,16,158
VR7uvOTdWLw.webm_27.mp4,OK,16,54
_ZYHlc2Niaw.webm_48.mp4,OK,16,54
CbA1HWWgTbY.webm_27.mp4,OK,16,60
MbZzcu8-SbI.webm_41.mp4,OK,16,56
pPW07cI2bzs.webm_22.mp4,OK,16,104
gYRCUP7zFZk.mkv_32.mp4,OK,16,66
iEcwg396DlQ.webm_25.mp4,OK,16,143
0LCrNFZH8es.webm_27.mp4,OK,16,93
xEo1cgaU3VE.webm_91.mp4,OK,16,79
AXjIqts6lNw.webm_9.mp4,OK,16,124
R2z3M8hdJrk.webm_35.mp4,OK,16,164
-7bJwW2NYyc.webm_112.mp4,OK,16,90
FHlxw98mcec.mkv_46.mp4,OK,16,222
iEcwg396DlQ.webm_0.mp4,OK,16,153
h9yDvzBrSC4.webm_61.mp4,OK,16,96
EzJpOmQTMbY.webm_30.mp4,OK,16,190
BkMoBdDsMSI.webm_43.mp4,OK,16,112
OSeRp3JnpHA.webm_48.mp4,OK,16,264
MnvpmaUfGNw.webm_73.mp4,OK,16,151
02P6SAFU7mo.webm_71.mp4,OK,16,70
u111KCzMYNg.webm_19.mp4,OK,16,327
mXZTccXRuwE.webm_21.mp4,OK,16,158
qiGhCbwdS04.webm_105.mp4,OK,16,116
4rE_ToGWcdU.webm_22.mp4,OK,16,80
Ya3IRyzlb-s.webm_48.mp4,OK,16,149
FopBvLLXKZ0.webm_70.mp4,OK,16,77
pPW07cI2bzs.webm_3.mp4,OK,16,127
L85T-a6JUUw.mp4_27.mp4,OK,16,81
mgju_uBZHic.webm_5.mp4,OK,16,127
HasIb5pfWkQ.webm_26.mp4,OK,16,102
CGEZtXvpaZE.webm_32.mp4,OK,16,122
neQEUASHiXo.webm_142.mp4,OK,16,64
bNhgADLay0w.webm_55.mp4,OK,16,134
TzfXDnHifeM.webm_70.mp4,OK,16,51
6VNL2NdYvFQ.webm_3.mp4,OK,16,54
mLtlWuXKd-A.webm_6.mp4,OK,16,73
EGgsdaCt3wI.webm_98.mp4,OK,16,57
fSr_nfsdlRg.webm_67.mp4,OK,16,106
W3kMY91sKpQ.webm_19.mp4,OK,16,148
SX2vYvhMAqc.webm_54.mp4,OK,16,100
BJ5YQFt9ab0.webm_93.mp4,OK,16,61
hZyzCFdTC5s.webm_57.mp4,OK,16,69
h9yDvzBrSC4.webm_80.mp4,OK,16,83
-FGVJS3rT80.webm_26.mp4,OK,16,75
ArXf6X_0-ww.webm_37.mp4,OK,16,92
xEo1cgaU3VE.webm_10.mp4,OK,16,71
ZN3F2JLb4EI.webm_6.mp4,OK,16,127
Qi2rkY_WJUg.webm_57.mp4,OK,16,54
jobrPfuFBC0.webm_31.mp4,OK,16,60
pPW07cI2bzs.webm_27.mp4,OK,16,52
B-tEt_VaN0U.webm_35.mp4,OK,16,150
S-uESuiOD4I.webm_79.mp4,OK,16,71
EGgsdaCt3wI.webm_35.mp4,OK,16,57
WhodXqmJuvA.webm_0.mp4,OK,16,215
CcdWnZdozuk.webm_24.mp4,OK,16,319
FHlxw98mcec.mkv_21.mp4,OK,16,111
SbozyYNrWmc.mkv_40.mp4,OK,16,84
0LCrNFZH8es.webm_92.mp4,OK,16,100
-7bJwW2NYyc.webm_47.mp4,OK,16,132
4rE_ToGWcdU.webm_8.mp4,OK,16,79
ZN3F2JLb4EI.webm_28.mp4,OK,16,56
u111KCzMYNg.webm_0.mp4,OK,16,137
L85T-a6JUUw.mp4_61.mp4,OK,16,79
5FUEltKsVJQ.webm_66.mp4,OK,16,51
SkfWDQEm2II.webm_13.mp4,OK,16,121
B-tEt_VaN0U.webm_44.mp4,OK,16,120
NzfC0j8GU_w.webm_26.mp4,OK,16,113
xEo1cgaU3VE.webm_107.mp4,OK,16,75
X3jEllCzECc.mkv_27.mp4,OK,16,132
eSw1yplMFps.webm_23.mp4,OK,16,126
AXjIqts6lNw.webm_47.mp4,OK,16,75
t0SkV41lK0c.webm_0.mp4,OK,16,199
-7bJwW2NYyc.webm_33.mp4,OK,16,113
fgeBZVy5Nfg.mkv_24.mp4,OK,16,95
U6BpeM8RaD4.webm_68.mp4,OK,16,84
Rg5D0yMWWEM.webm_7.mp4,OK,16,120
W3kMY91sKpQ.webm_21.mp4,OK,16,150
RXt-hSbF02k.webm_31.mp4,OK,16,60
FQIx05cdYCM.webm_43.mp4,OK,16,98
u35WIs62R2M.webm_126.mp4,OK,16,111
fSr_nfsdlRg.webm_43.mp4,OK,16,168
5X5i4qN6M88.webm_11.mp4,OK,16,77
dSrX8b8BYy0.webm_32.mp4,OK,16,455
jobrPfuFBC0.webm_39.mp4,OK,16,55
5FUEltKsVJQ.webm_41.mp4,OK,16,86
QDQnYLWJBcw.webm_14.mp4,OK,16,68
Qi2rkY_WJUg.webm_19.mp4,OK,16,60
5FUEltKsVJQ.webm_58.mp4,OK,16,172
Rg5D0yMWWEM.webm_17.mp4,OK,16,101
BYUSpyONQ0A.webm_51.mp4,OK,16,50
qt3mWFxfuEk.webm_13.mp4,OK,16,136
DJqkat66RG4.mkv_12.mp4,OK,16,86
WhodXqmJuvA.webm_95.mp4,OK,16,93
D1m2Z4_-XA4.webm_20.mp4,OK,16,157
b1l61LFUUAQ.webm_16.mp4,OK,16,366
DJqkat66RG4.mkv_23.mp4,OK,16,110
MbZzcu8-SbI.webm_4.mp4,OK,16,58
WhodXqmJuvA.webm_1.mp4,OK,16,216
DnLc7wp-l6M.webm_1.mp4,OK,16,85
SX2vYvhMAqc.webm_52.mp4,OK,16,121
-7bJwW2NYyc.webm_179.mp4,OK,16,80
6VNL2NdYvFQ.webm_9.mp4,OK,16,107
t0SkV41lK0c.webm_32.mp4,OK,16,124
-YVsVvsABOQ.webm_35.mp4,OK,16,329
w1lLQrWq0rQ.webm_35.mp4,OK,16,81
haBSdCCFc2I.webm_42.mp4,OK,16,181
DJqkat66RG4.mkv_15.mp4,OK,16,227
ArXf6X_0-ww.webm_56.mp4,OK,16,87
Y7mQP5hf-r0.mkv_40.mp4,OK,16,226
DJqkat66RG4.mkv_17.mp4,OK,16,167
EzJpOmQTMbY.webm_18.mp4,OK,16,212
u35WIs62R2M.webm_34.mp4,OK,16,87
knSQ60KFiMk.webm_46.mp4,OK,16,91
nVTrJnvpD7Q.webm_17.mp4,OK,16,134
Qi2rkY_WJUg.webm_54.mp4,OK,16,89
6VNL2NdYvFQ.webm_46.mp4,OK,16,89
mLtlWuXKd-A.webm_36.mp4,OK,16,90
TzxTr3o3qzY.webm_62.mp4,OK,16,146
jobrPfuFBC0.webm_65.mp4,OK,16,150
EmKR8MQammg.webm_62.mp4,OK,16,135
Qi2rkY_WJUg.webm_38.mp4,OK,16,181
5X5i4qN6M88.webm_39.mp4,OK,16,176
uaKXU_zuRGM.webm_5.mp4,OK,16,83
ByjcxvzFSTg.webm_30.mp4,OK,16,212
R2z3M8hdJrk.webm_42.mp4,OK,16,69
KiCZbqPTD-I.webm_4.mp4,OK,16,290
mXZTccXRuwE.webm_11.mp4,OK,16,120
Ya3IRyzlb-s.webm_11.mp4,OK,16,160
uaKXU_zuRGM.webm_17.mp4,OK,16,103
UKCOdrLG3Z8.mkv_27.mp4,OK,16,104
iEcwg396DlQ.webm_15.mp4,OK,16,143
Y8Soomh9owk.webm_9.mp4,OK,16,204
wODFuP0rx-U.webm_27.mp4,OK,16,143
o-gdQgNKyzQ.webm_97.mp4,OK,16,59
o-gdQgNKyzQ.webm_54.mp4,OK,16,123
UKCOdrLG3Z8.mkv_34.mp4,OK,16,72
h9yDvzBrSC4.webm_153.mp4,OK,16,97
AXjIqts6lNw.webm_50.mp4,OK,16,164
L-L23XzHX9w.webm_64.mp4,OK,16,58
R2z3M8hdJrk.webm_1.mp4,OK,16,99
haBSdCCFc2I.webm_97.mp4,OK,16,108
pPW07cI2bzs.webm_33.mp4,OK,16,70
ByjcxvzFSTg.webm_85.mp4,OK,16,77
El35ADTlcF0.webm_25.mp4,OK,16,106
s38xa-i4G-4.webm_20.mp4,OK,16,342
mLtlWuXKd-A.webm_42.mp4,OK,16,117
02P6SAFU7mo.webm_66.mp4,OK,16,61
D1m2Z4_-XA4.webm_26.mp4,OK,16,113
fQS9GOcGy9c.webm_69.mp4,OK,16,65
w1lLQrWq0rQ.webm_50.mp4,OK,16,49
4rE_ToGWcdU.webm_5.mp4,OK,16,80
FQIx05cdYCM.webm_33.mp4,OK,16,102
TyEpk1-LxtY.webm_12.mp4,OK,16,369
6VNL2NdYvFQ.webm_57.mp4,OK,16,74
fQS9GOcGy9c.webm_8.mp4,OK,16,96
CbA1HWWgTbY.webm_46.mp4,OK,16,73
SbozyYNrWmc.mkv_18.mp4,OK,16,94
nVTrJnvpD7Q.webm_23.mp4,DECODE_FAILED,0,0
5FUEltKsVJQ.webm_46.mp4,OK,16,83
VR7uvOTdWLw.webm_72.mp4,OK,16,64
neQEUASHiXo.webm_48.mp4,OK,16,196
-YVsVvsABOQ.webm_26.mp4,OK,16,186
0LCrNFZH8es.webm_14.mp4,OK,16,82
HasIb5pfWkQ.webm_53.mp4,OK,16,84
Y7mQP5hf-r0.mkv_18.mp4,OK,16,80
EGgsdaCt3wI.webm_124.mp4,OK,16,63
w1lLQrWq0rQ.webm_53.mp4,OK,16,126
FopBvLLXKZ0.webm_62.mp4,OK,16,98
8KNYC9Kw4W0.webm_61.mp4,OK,16,118
t0SkV41lK0c.webm_42.mp4,OK,16,184
fQS9GOcGy9c.webm_33.mp4,OK,16,169
uaKXU_zuRGM.webm_45.mp4,OK,16,50
b1l61LFUUAQ.webm_13.mp4,OK,16,55
W3kMY91sKpQ.webm_29.mp4,OK,16,75
eSw1yplMFps.webm_6.mp4,OK,16,59
AXjIqts6lNw.webm_13.mp4,OK,16,81
t0SkV41lK0c.webm_29.mp4,OK,16,179
09jg8vr9IXg.webm_30.mp4,OK,16,54
kPJ6T3DrUaM.webm_9.mp4,OK,16,179
lwTS79rT8iw.webm_35.mp4,OK,16,94
m1LHXV49zn8.webm_19.mp4,OK,16,67
8KNYC9Kw4W0.webm_3.mp4,OK,16,48
Y8Soomh9owk.webm_36.mp4,OK,16,156
lcXi57h41jQ.mkv_72.mp4,OK,16,87
ldyYlLCjATw.webm_29.mp4,OK,16,60
BzI5kVdX8bI.webm_16.mp4,OK,16,71
X3jEllCzECc.mkv_30.mp4,OK,16,108
FM-CE4D8NJM.webm_28.mp4,OK,16,64
ldyYlLCjATw.webm_17.mp4,OK,16,109
QgRY22rz7m8.webm_23.mp4,OK,16,121
kPJ6T3DrUaM.webm_47.mp4,OK,16,190
Qi2rkY_WJUg.webm_49.mp4,OK,16,181
5X5i4qN6M88.webm_7.mp4,OK,16,142
TyEpk1-LxtY.webm_26.mp4,OK,16,104
ByjcxvzFSTg.webm_0.mp4,OK,16,86
Rg5D0yMWWEM.webm_9.mp4,OK,16,96
SbozyYNrWmc.mkv_28.mp4,OK,16,76
UKCOdrLG3Z8.mkv_11.mp4,DECODE_FAILED,0,0
-YVsVvsABOQ.webm_29.mp4,OK,16,109
qiGhCbwdS04.webm_45.mp4,OK,16,102
gYRCUP7zFZk.mkv_29.mp4,OK,16,72
MnvpmaUfGNw.webm_27.mp4,OK,16,83
CbA1HWWgTbY.webm_8.mp4,OK,16,49
Qi2rkY_WJUg.webm_81.mp4,OK,16,98
jobrPfuFBC0.webm_7.mp4,OK,16,53
CbA1HWWgTbY.webm_16.mp4,OK,16,141
gYRCUP7zFZk.mkv_15.mp4,OK,16,76
ByjcxvzFSTg.webm_75.mp4,OK,16,83
w1lLQrWq0rQ.webm_74.mp4,OK,16,160
3LDJxHWtFUI.webm_52.mp4,OK,16,133
Ya3IRyzlb-s.webm_31.mp4,OK,16,53
QDQnYLWJBcw.webm_33.mp4,OK,16,88
Ya3IRyzlb-s.webm_53.mp4,OK,16,206
EmKR8MQammg.webm_13.mp4,OK,16,225
HasIb5pfWkQ.webm_29.mp4,OK,16,109
Chz43YiO5dY.webm_77.mp4,OK,16,85
Oa4QcdNsqUE.webm_25.mp4,OK,16,204
KMxH3Dc89ts.webm_47.mp4,OK,16,54
FM-CE4D8NJM.webm_24.mp4,DECODE_FAILED,0,0
gYRCUP7zFZk.mkv_24.mp4,OK,16,79
AXjIqts6lNw.webm_27.mp4,OK,16,55
R2z3M8hdJrk.webm_37.mp4,OK,16,184
QzJtMyM3HNU.webm_21.mp4,OK,16,63
U-rTc76jM5Y.webm_49.mp4,OK,16,54
lwTS79rT8iw.webm_66.mp4,OK,16,92
QzJtMyM3HNU.webm_34.mp4,OK,16,128
zqEpG0eT1LM.webm_24.mp4,OK,16,80
u111KCzMYNg.webm_17.mp4,OK,16,129
HasIb5pfWkQ.webm_17.mp4,DECODE_FAILED,0,0
