,size,size,size,size,mean,mean,mean,mean
group,below 0.85,0.85-0.90,0.90-0.95,0.95 and above,below 0.85,0.85-0.90,0.90-0.95,0.95 and above
category,,,,,,,,
camera angle,120,201,123,11,0.6583333333333333,0.6616915422885572,0.6504065040650406,0.5454545454545454
composition,143,245,81,10,0.48951048951048953,0.563265306122449,0.5185185185185185,0.5
lens size,162,241,84,2,0.5,0.5186721991701245,0.4880952380952381,0.5
lighting,83,179,82,6,0.39759036144578314,0.5363128491620112,0.6341463414634146,0.6666666666666666
lighting type,105,187,109,4,0.6190476190476191,0.5828877005347594,0.5871559633027523,0.5
shot framing,143,218,79,5,0.7342657342657343,0.7247706422018348,0.7848101265822784,1.0
shot size,137,244,102,2,0.7664233576642335,0.7950819672131147,0.7254901960784313,0.5
